variant,site,wildtype,mutation,activity,activity_scaled,activity_binary
F456A,456,F,A,0.306063872,1,1
F456G,456,F,G,0.26636503,0.869583226,1
F456T,456,F,T,0.251934072,0.822175319,1
E484F,484,E,F,0.244487158,0.797711066,1
F456Q,456,F,Q,0.236280698,0.770751589,1
E484P,484,E,P,0.23154777,0.755203195,1
E484H,484,E,H,0.228359744,0.744730042,1
E484V,484,E,V,0.22598114,0.736915964,1
E484Y,484,E,Y,0.224641992,0.732516657,1
E484L,484,E,L,0.22243808,0.725276469,1
G485P,485,G,P,0.217197936,0.708061794,1
E484I,484,E,I,0.209112814,0.68150093,1
F456K,456,F,K,0.20521867,0.668708071,1
F456C,456,F,C,0.196191256,0.639051633,1
N450T,450,N,T,0.19174646,0.624449798,1
F456V,456,F,V,0.184308436,0.60001475,1
F456I,456,F,I,0.183247148,0.596528257,1
E484C,484,E,C,0.174399592,0.56746268,1
E484A,484,E,A,0.163848932,0.532802147,1
F456R,456,F,R,0.160201934,0.5208212,1
E484W,484,E,W,0.159674396,0.519088157,1
F490K,490,F,K,0.159368064,0.518081809,1
F486G,486,F,G,0.152998848,0.49715796,1
F490R,490,F,R,0.144182694,0.468195544,1
E484M,484,E,M,0.144020104,0.467661411,1
N450P,450,N,P,0.142422138,0.462411848,1
I472G,472,I,G,0.14133552,0.458842141,1
I472D,472,I,D,0.140463246,0.455976588,1
L455R,455,L,R,0.138345422,0.449019212,1
K444G,444,K,G,0.136179404,0.441903511,1
F490D,490,F,D,0.134391708,0.436030656,1
Q493K,493,Q,K,0.133775232,0.434005438,1
E484T,484,E,T,0.128467266,0.416567957,1
F490E,490,F,E,0.126855454,0.411272907,1
F490N,490,F,N,0.126814906,0.411139701,1
F486T,486,F,T,0.1249232,0.404925157,1
E484K,484,E,K,0.124857244,0.404708482,1
S494R,494,S,R,0.12438322,0.40315124,1
Y489V,489,Y,V,0.123538462,0.400376081,1
N448P,448,N,P,0.122270682,0.396211229,1
L455N,455,L,N,0.122102324,0.395658149,1
E484N,484,E,N,0.121233044,0.39280243,1
N448K,448,N,K,0.121014508,0.392084505,1
F490P,490,F,P,0.12037589,0.389986548,1
F486K,486,F,K,0.119026264,0.385552819,1
E484R,484,E,R,0.118854716,0.384989258,1
F486P,486,F,P,0.117687338,0.381154243,1
L455G,455,L,G,0.116815652,0.378290621,1
Y489I,489,Y,I,0.115292878,0.373288075,1
G447D,447,G,D,0.115256468,0.373168462,1
G447P,447,G,P,0.11447469,0.370600202,1
G447E,447,G,E,0.112540214,0.364245152,1
L455E,455,L,E,0.11064103,0.358006042,1
E484Q,484,E,Q,0.110031786,0.356004582,1
E484S,484,E,S,0.109882134,0.355512952,1
F490Q,490,F,Q,0.10848148,0.350911589,1
S494K,494,S,K,0.10824457,0.350133304,1
Q493R,493,Q,R,0.107643756,0.348159538,1
Y489Q,489,Y,Q,0.106517958,0.344461119,1
F486S,486,F,S,0.105718092,0.341833437,1
F486D,486,F,D,0.10551248,0.34115797,1
G485D,485,G,D,0.105084314,0.339751379,1
N448R,448,N,R,0.105062424,0.339679467,1
Y449K,449,Y,K,0.104637632,0.33828396,1
F490V,490,F,V,0.103872212,0.335769438,1
Y473A,473,Y,A,0.101532364,0.328082679,1
F490I,490,F,I,0.101034828,0.326448197,1
F486R,486,F,R,0.100665102,0.325233591,1
N487R,487,N,R,0.099212062,0.320460132,1
F486E,486,F,E,0.098529172,0.318216734,1
G447N,447,G,N,0.098524776,0.318202292,1
V445G,445,V,G,0.096787106,0.31249378,1
Q493F,493,Q,F,0.0965395,0.311680357,1
G447L,447,G,L,0.096483792,0.311497347,1
E484G,484,E,G,0.09602968,0.31000552,1
A475N,475,A,N,0.09518827,0.307241359,1
F490L,490,F,L,0.09513866,0.307078383,1
V503T,503,V,T,0.09435579,0.304506535,1
E406W,406,E,W,0.093663622,0.302232657,1
Y489L,489,Y,L,0.093095874,0.300367518,1
G447Q,447,G,Q,0.091919872,0.296504171,1
F486A,486,F,A,0.091778808,0.296040754,1
I472W,472,I,W,0.091418656,0.2948576,1
L455P,455,L,P,0.090933196,0.29326279,1
L455A,455,L,A,0.090924814,0.293235253,1
F456M,456,F,M,0.090907884,0.293179635,1
L452R,452,L,R,0.090802444,0.292833249,1
N487K,487,N,K,0.089845642,0.289690008,1
Y449R,449,Y,R,0.089080524,0.287176478,1
E484D,484,E,D,0.088972766,0.286822477,1
I472K,472,I,K,0.088823632,0.286332549,1
F490T,490,F,T,0.088459516,0.285136372,1
Q493C,493,Q,C,0.087081671,0.28060994,1
L452K,452,L,K,0.086427642,0.278461355,1
Y473C,473,Y,C,0.086416084,0.278423385,1
K444P,444,K,P,0.08611415,0.277431486,1
L455H,455,L,H,0.084815792,0.273166181,1
Y473S,473,Y,S,0.084594984,0.272440793,1
A475D,475,A,D,0.08304711,0.26735579,1
L455S,455,L,S,0.082742346,0.266354593,1
N487Y,487,N,Y,0.082677704,0.266142235,1
F486Q,486,F,Q,0.082543776,0.26570226,1
G447H,447,G,H,0.082482552,0.26550113,1
Y473V,473,Y,V,0.082034532,0.264029316,1
G446V,446,G,V,0.081829776,0.263356661,1
K444L,444,K,L,0.081664854,0.262814867,1
F486N,486,F,N,0.08163492,0.262716529,1
S443Y,443,S,Y,0.081453392,0.262120182,1
Y489H,489,Y,H,0.081414498,0.261992409,1
K444I,444,K,I,0.081350114,0.261780898,1
F486V,486,F,V,0.080435764,0.258777118,1
G447K,447,G,K,0.080080568,0.257610245,1
K417E,417,K,E,0.079883792,0.256963806,1
F490G,490,F,G,0.079486574,0.255658884,1
K444Y,444,K,Y,0.07928272,0.254989192,1
Y473N,473,Y,N,0.079267276,0.254938456,1
G446P,446,G,P,0.079170647,0.254621014,1
K444E,444,K,E,0.079170476,0.254620453,1
K444W,444,K,W,0.078916978,0.253787674,1
K444D,444,K,D,0.078677804,0.25300195,1
K417D,417,K,D,0.078236926,0.251553599,1
N448G,448,N,G,0.078159358,0.251298776,1
N487D,487,N,D,0.0778976,0.250438861,1
Y473E,473,Y,E,0.07782323,0.250194544,1
G447F,447,G,F,0.076730804,0.246605757,1
F486I,486,F,I,0.07664594,0.246326966,1
F486C,486,F,C,0.076616632,0.246230685,1
K417F,417,K,F,0.076583078,0.246120455,1
N487E,487,N,E,0.07625374,0.245038529,1
F490A,490,F,A,0.076085004,0.244484205,1
L455W,455,L,W,0.07602857,0.244298811,1
N448D,448,N,D,0.075575512,0.242810446,1
K444F,444,K,F,0.075365818,0.242121569,1
K444A,444,K,A,0.074682594,0.239877074,1
K444V,444,K,V,0.074268472,0.23851662,1
K444M,444,K,M,0.072915902,0.23407322,1
Y449P,449,Y,P,0.072800598,0.233694429,1
Y473Q,473,Y,Q,0.071660468,0.229948927,1
F490S,490,F,S,0.071579468,0.22968283,1
Y489M,489,Y,M,0.071515586,0.229472968,1
F456H,456,F,H,0.070942268,0.22758953,1
K417Y,417,K,Y,0.070713274,0.22683725,1
Y449D,449,Y,D,0.070652034,0.226636067,1
L452E,452,L,E,0.06992864,0.224259607,1
Y473I,473,Y,I,0.069845162,0.223985369,1
Y473T,473,Y,T,0.0697277,0.223599488,1
N448V,448,N,V,0.06933333,0.222303923,1
K444Q,444,K,Q,0.069131396,0.221640538,1
N487F,487,N,F,0.068219954,0.218646312,1
G447V,447,G,V,0.068153656,0.218428513,1
G476E,476,G,E,0.067619268,0.216672966,1
I472E,472,I,E,0.06675285,0.213826651,1
G446K,446,G,K,0.06672581,0.21373782,1
N487T,487,N,T,0.066466644,0.21288642,1
Y449T,449,Y,T,0.06626039,0.212208844,1
G446I,446,G,I,0.06617939,0.211942747,1
L452W,452,L,W,0.066010412,0.211387628,1
G447T,447,G,T,0.0660013,0.211357694,1
L452Y,452,L,Y,0.064786198,0.207365898,1
N448Y,448,N,Y,0.06464582,0.206904734,1
L452D,452,L,D,0.064265298,0.205654661,1
G447Y,447,G,Y,0.06389591,0.204441165,1
G446R,446,G,R,0.063523002,0.203216105,1
G447M,447,G,M,0.063166419,0.202044674,1
A475K,475,A,K,0.063126304,0.201912892,1
R346D,346,R,D,0.062958194,0.201360625,1
K417H,417,K,H,0.06293365,0.201279994,1
R346E,346,R,E,0.062688254,0.20047383,1
P499G,499,P,G,0.061927874,0.197975866,1
K417W,417,K,W,0.06122162,0.195655712,1
G447I,447,G,I,0.060879014,0.1945302,1
Q493Y,493,Q,Y,0.060624414,0.1936938,1
V445P,445,V,P,0.060289664,0.192594095,1
G446L,446,G,L,0.059809876,0.191017918,1
L452T,452,L,T,0.059759984,0.190854015,1
Y449E,449,Y,E,0.059593966,0.190308621,1
F486L,486,F,L,0.059452538,0.189844008,1
K444N,444,K,N,0.059427108,0.189760466,1
Q493W,493,Q,W,0.05893296,0.188137115,1
S494D,494,S,D,0.05884274,0.187840728,1
A475E,475,A,E,0.0586961,0.187358993,1
P499C,499,P,C,0.058500986,0.186718014,1
Y449V,449,Y,V,0.058368772,0.186283671,1
K417G,417,K,G,0.058174272,0.185644708,1
Y449L,449,Y,L,0.05805841,0.185264084,1
V445D,445,V,D,0.05785408,0.184592829,1
Q493D,493,Q,D,0.057852302,0.184586988,1
K417T,417,K,T,0.057826076,0.184500831,1
G447S,447,G,S,0.057810218,0.184448735,1
G485T,485,G,T,0.057632656,0.183865417,1
Y489W,489,Y,W,0.05729285,0.182749102,1
K417P,417,K,P,0.056916446,0.181512557,1
K417L,417,K,L,0.056765506,0.181016696,1
Y449I,449,Y,I,0.056505566,0.180162754,1
Y449A,449,Y,A,0.056140834,0.178964553,1
Y453R,453,Y,R,0.056003867,0.178514596,1
Y449S,449,Y,S,0.055223148,0.175949814,1
N487L,487,N,L,0.055004626,0.175231936,1
V483S,483,V,S,0.05484424,0.174705043,1
K417N,417,K,N,0.054820094,0.17462572,1
D420R,420,D,R,0.054753832,0.174408039,1
F456Y,456,F,Y,0.054753594,0.174407257,1
K417I,417,K,I,0.054528638,0.173668242,1
K417M,417,K,M,0.054262092,0.172792598,1
G446E,446,G,E,0.05392312,0.171679023,1
K417A,417,K,A,0.053763556,0.171154831,1
S494P,494,S,P,0.053730752,0.171047065,1
S494W,494,S,W,0.053655624,0.170800258,1
K444C,444,K,C,0.053544422,0.170434942,1
K444T,444,K,T,0.05350163,0.170294364,1
K444S,444,K,S,0.053450524,0.170126473,1
F490C,490,F,C,0.053311742,0.169670553,1
N487Q,487,N,Q,0.05301142,0.168683949,1
K417C,417,K,C,0.05287164,0.16822475,1
K417V,417,K,V,0.052842082,0.168127648,1
G446T,446,G,T,0.052607936,0.167358442,1
Y449Q,449,Y,Q,0.052504404,0.167018324,1
N448H,448,N,H,0.05242922,0.166771333,1
D420Q,420,D,Q,0.052177854,0.165945557,1
K417S,417,K,S,0.052064292,0.165572489,1
G446Y,446,G,Y,0.05193753,0.165156056,1
A475R,475,A,R,0.051791394,0.164675977,1
N448E,448,N,E,0.05171378,0.164421003,1
A475Y,475,A,Y,0.05140652,0.163411607,1
C336G,336,C,G,0.051393298,0.163368171,1
G446F,446,G,F,0.051333128,0.163170503,1
K417Q,417,K,Q,0.051229548,0.162830227,1
Q493T,493,Q,T,0.051067182,0.16229683,1
G485R,485,G,R,0.050961372,0.161949227,1
G446D,446,G,D,0.050920954,0.161816448,1
V483K,483,V,K,0.050434236,0.160217505,1
I472C,472,I,C,0.050058112,0.15898188,1
L452S,452,L,S,0.049982518,0.158733542,0
Q493V,493,Q,V,0.04960141,0.157481544,0
N448Q,448,N,Q,0.049099964,0.155834217,0
G476R,476,G,R,0.049059264,0.155700511,0
G496K,496,G,K,0.04894394,0.155321654,0
G476K,476,G,K,0.048934862,0.155291832,0
D420K,420,D,K,0.048847708,0.155005518,0
S443N,443,S,N,0.048840942,0.15498329,0
L455F,455,L,F,0.048746926,0.154674433,0
K444H,444,K,H,0.048552486,0.154035668,0
G446H,446,G,H,0.04841424,0.153581509,0
Q493I,493,Q,I,0.04838206,0.153475793,0
G447C,447,G,C,0.048361398,0.153407915,0
V483E,483,V,E,0.047910076,0.151925253,0
G476T,476,G,T,0.047868258,0.151787874,0
C361P,361,C,P,0.047840988,0.151698288,0
D420N,420,D,N,0.047645638,0.151056534,0
N460F,460,N,F,0.04757235,0.150815771,0
P499D,499,P,D,0.047523756,0.150656133,0
D420E,420,D,E,0.0471791,0.149523885,0
G476D,476,G,D,0.047089836,0.149230639,0
A475F,475,A,F,0.04697094,0.148840047,0
Y449C,449,Y,C,0.046853878,0.148455481,0
S443Q,443,S,Q,0.046832106,0.148383956,0
S494Y,494,S,Y,0.046813574,0.148323076,0
D420A,420,D,A,0.04680684,0.148300954,0
G446C,446,G,C,0.046684354,0.147898568,0
N460L,460,N,L,0.046657738,0.147811131,0
I472S,472,I,S,0.046258676,0.146500151,0
D420M,420,D,M,0.046213076,0.146350348,0
N487M,487,N,M,0.04607762,0.145905354,0
F486H,486,F,H,0.045995296,0.145634907,0
L455Y,455,L,Y,0.04593258,0.145428876,0
Y421W,421,Y,W,0.045680866,0.144601957,0
Y473L,473,Y,L,0.045538812,0.144135288,0
N460Y,460,N,Y,0.045449796,0.143842856,0
G496R,496,G,R,0.045242758,0.143162705,0
V445N,445,V,N,0.045229582,0.14311942,0
C361N,361,C,N,0.04519324,0.143000031,0
Q493A,493,Q,A,0.045107946,0.142719827,0
F490M,490,F,M,0.045061662,0.142567777,0
V445S,445,V,S,0.044737968,0.141504392,0
V445K,445,V,K,0.044609804,0.141083354,0
Q493L,493,Q,L,0.04427827,0.139994214,0
L452F,452,L,F,0.044265662,0.139952795,0
N450D,450,N,D,0.043661808,0.137969042,0
L455C,455,L,C,0.043500924,0.137440513,0
N501R,501,N,R,0.043499584,0.137436111,0
N487A,487,N,A,0.043419244,0.137172182,0
Y473M,473,Y,M,0.043013732,0.135840013,0
K378E,378,K,E,0.042996924,0.135784796,0
R346N,346,R,N,0.042870432,0.135369251,0
N448T,448,N,T,0.042870412,0.135369185,0
G447A,447,G,A,0.042717506,0.134866865,0
P499E,499,P,E,0.042548862,0.134312844,0
L455T,455,L,T,0.042267176,0.133387462,0
G447R,447,G,R,0.042180488,0.133102679,0
G446Q,446,G,Q,0.042071796,0.132745609,0
G446A,446,G,A,0.042071468,0.132744532,0
V445R,445,V,R,0.042046328,0.132661943,0
G446N,446,G,N,0.042005662,0.132528349,0
Y453V,453,Y,V,0.041975162,0.132428152,0
R346T,346,R,T,0.041637678,0.131319464,0
Y449N,449,Y,N,0.041396998,0.130528794,0
V483R,483,V,R,0.041161454,0.129754996,0
G476N,476,G,N,0.041111482,0.129590831,0
G446W,446,G,W,0.041057314,0.12941288,0
V483D,483,V,D,0.040951386,0.129064891,0
N487S,487,N,S,0.04080591,0.12858698,0
N440L,440,N,L,0.040651676,0.128080298,0
S494I,494,S,I,0.040237752,0.126720494,0
V503S,503,V,S,0.04019797,0.126589804,0
N439T,439,N,T,0.04017783,0.126523641,0
V445W,445,V,W,0.040130998,0.126369791,0
R346Q,346,R,Q,0.039971338,0.125845283,0
R346V,346,R,V,0.039908334,0.125638305,0
G446M,446,G,M,0.039679166,0.124885453,0
R346C,346,R,C,0.03964754,0.124781557,0
I472Y,472,I,Y,0.039611982,0.124664744,0
R346W,346,R,W,0.039603228,0.124635985,0
R346Y,346,R,Y,0.039560514,0.124495663,0
G485N,485,G,N,0.039537568,0.124420281,0
R346L,346,R,L,0.03948544,0.124249034,0
N487H,487,N,H,0.039370532,0.123871543,0
G485K,485,G,K,0.039058692,0.122847101,0
G446S,446,G,S,0.03901253,0.122695452,0
R346F,346,R,F,0.038957162,0.12251356,0
G496V,496,G,V,0.038870152,0.122227718,0
A475I,475,A,I,0.038858268,0.122188678,0
G496I,496,G,I,0.038828522,0.122090957,0
V483T,483,V,T,0.038527488,0.121102015,0
R346S,346,R,S,0.038372322,0.120592271,0
N460E,460,N,E,0.038346438,0.120507238,0
N448C,448,N,C,0.038303204,0.120365207,0
R346M,346,R,M,0.038180746,0.119962915,0
V445C,445,V,C,0.037737214,0.118505844,0
S494M,494,S,M,0.037370072,0.117299726,0
C361E,361,C,E,0.037134321,0.116525248,0
G496T,496,G,T,0.037111628,0.116450698,0
G485E,485,G,E,0.036875538,0.115675106,0
G496C,496,G,C,0.03681319,0.115470283,0
R346A,346,R,A,0.036681932,0.115039081,0
S494H,494,S,H,0.036659984,0.114966978,0
G496E,496,G,E,0.036544918,0.114588969,0
V445Y,445,V,Y,0.03649569,0.114427247,0
Y449H,449,Y,H,0.036471444,0.114347595,0
I472N,472,I,N,0.036303592,0.113796176,0
V445Q,445,V,Q,0.036200508,0.113457529,0
Y369D,369,Y,D,0.036072058,0.113035551,0
N460H,460,N,H,0.036027584,0.112889449,0
R346I,346,R,I,0.035810514,0.112176339,0
N487G,487,N,G,0.03575365,0.111989532,0
V445E,445,V,E,0.035618296,0.111544875,0
S383E,383,S,E,0.03534329,0.110641437,0
L441S,441,L,S,0.035343264,0.110641351,0
Y453K,453,Y,K,0.034889554,0.109150844,0
F374N,374,F,N,0.034709948,0.108560811,0
Q493E,493,Q,E,0.034147876,0.106714319,0
V445A,445,V,A,0.033862714,0.105777518,0
N448A,448,N,A,0.033739536,0.105372859,0
Q498K,498,Q,K,0.033673948,0.105157393,0
N439S,439,N,S,0.033588474,0.104876597,0
N440K,440,N,K,0.033453152,0.104432044,0
Y369N,369,Y,N,0.033452082,0.104428529,0
F456L,456,F,L,0.033365998,0.10414573,0
S494N,494,S,N,0.03335876,0.104121952,0
Y449G,449,Y,G,0.033262754,0.103806557,0
A475Q,475,A,Q,0.033145644,0.103421833,0
P499S,499,P,S,0.033123824,0.103350151,0
G485H,485,G,H,0.03307142,0.103177996,0
I472H,472,I,H,0.032961412,0.102816601,0
G496Q,496,G,Q,0.032832272,0.102392358,0
K417R,417,K,R,0.03268031,0.10189314,0
N440I,440,N,I,0.032651112,0.10179722,0
V445T,445,V,T,0.032279014,0.100574821,0
P499R,499,P,R,0.0321711,0.100220307,0
K378N,378,K,N,0.032129402,0.100083323,0
P499N,499,P,N,0.031771447,0.098907387,0
L492V,492,L,V,0.031528388,0.0981089,0
V445F,445,V,F,0.031351584,0.097528071,0
G496H,496,G,H,0.031339108,0.097487086,0
Y453A,453,Y,A,0.031303516,0.097370161,0
N460P,460,N,P,0.031223654,0.097107802,0
N460K,460,N,K,0.031198104,0.097023866,0
F486M,486,F,M,0.031152039,0.096872535,0
G476Q,476,G,Q,0.030518554,0.09479144,0
R346G,346,R,G,0.030490148,0.094698123,0
P499Q,499,P,Q,0.03048401,0.094677958,0
Q493S,493,Q,S,0.030219095,0.093807671,0
S494V,494,S,V,0.030037964,0.093212628,0
K378D,378,K,D,0.029866572,0.09264958,0
T500D,500,T,D,0.029862792,0.092637162,0
Q498R,498,Q,R,0.029854624,0.092610329,0
I472P,472,I,P,0.02977898,0.092361826,0
G496D,496,G,D,0.029606424,0.091794954,0
N460M,460,N,M,0.029560456,0.091643942,0
N440F,440,N,F,0.029424728,0.091198054,0
S443V,443,S,V,0.029357312,0.090976582,0
N460I,460,N,I,0.02932536,0.090871616,0
L452H,452,L,H,0.029306892,0.090810945,0
N460A,460,N,A,0.02925085,0.090626838,0
N460Q,460,N,Q,0.029043122,0.08994442,0
K378L,378,K,L,0.029031682,0.089906838,0
N460R,460,N,R,0.02894529,0.089623027,0
S443G,443,S,G,0.028632866,0.088596666,0
N460V,460,N,V,0.028629388,0.088585241,0
K444R,444,K,R,0.028628169,0.088581235,0
N501C,501,N,C,0.028555644,0.08834298,0
V445H,445,V,H,0.028462468,0.088036883,0
F486W,486,F,W,0.028321762,0.087574642,0
S383D,383,S,D,0.02826087,0.087374603,0
G504C,504,G,C,0.028209484,0.087205792,0
N460T,460,N,T,0.028127564,0.086936672,0
G496Y,496,G,Y,0.028037658,0.086641317,0
Q498W,498,Q,W,0.027970078,0.086419306,0
V445L,445,V,L,0.02792606,0.0862747,0
Y396S,396,Y,S,0.0275903,0.085171677,0
P384K,384,P,K,0.02750752,0.084899733,0
S494G,494,S,G,0.027315266,0.084268149,0
Q493G,493,Q,G,0.027281912,0.084158576,0
N460S,460,N,S,0.027272578,0.084127912,0
G496L,496,G,L,0.027224524,0.083970047,0
G504I,504,G,I,0.026916336,0.082957603,0
A475V,475,A,V,0.026559256,0.08178454,0
P499H,499,P,H,0.026446818,0.081415164,0
R346K,346,R,K,0.026206752,0.08062651,0
A475M,475,A,M,0.02611519,0.080325715,0
R346H,346,R,H,0.026086584,0.08023174,0
G496N,496,G,N,0.02592061,0.07968649,0
T376D,376,T,D,0.0258382,0.079415761,0
S494F,494,S,F,0.025786814,0.07924695,0
K378V,378,K,V,0.025654662,0.07881281,0
N450S,450,N,S,0.025440256,0.078108454,0
Y449M,449,Y,M,0.025424388,0.078056325,0
G482P,482,G,P,0.025412742,0.078018066,0
Y453H,453,Y,H,0.025339042,0.07777595,0
N370P,370,N,P,0.025322292,0.077720924,0
Y421L,421,Y,L,0.025115312,0.077040963,0
V483G,483,V,G,0.025114224,0.077037389,0
F490W,490,F,W,0.024975656,0.076582172,0
Q498D,498,Q,D,0.02493736,0.076456365,0
I472F,472,I,F,0.024863152,0.076212579,0
P499T,499,P,T,0.024802262,0.076012546,0
H519D,519,H,D,0.0247639,0.075886521,0
L452A,452,L,A,0.024732904,0.075784694,0
N448S,448,N,S,0.024561334,0.07522106,0
F490H,490,F,H,0.024463796,0.074900633,0
S459P,459,S,P,0.024419166,0.074754017,0
G496S,496,G,S,0.024221102,0.074103346,0
I472A,472,I,A,0.024201752,0.074039778,0
D405R,405,D,R,0.024083998,0.073652939,0
L452Q,452,L,Q,0.023904938,0.073064699,0
N437P,437,N,P,0.023879924,0.072982524,0
Y453S,453,Y,S,0.023815726,0.072771624,0
L452G,452,L,G,0.023773364,0.072632458,0
Q498L,498,Q,L,0.023523426,0.071811374,0
N460C,460,N,C,0.02350701,0.071757445,0
Y369P,369,Y,P,0.023462912,0.071612576,0
P499Y,499,P,Y,0.02342301,0.071481492,0
Y365G,365,Y,G,0.023395808,0.071392129,0
D420S,420,D,S,0.023307138,0.071100834,0
G496F,496,G,F,0.023264654,0.070961268,0
N440E,440,N,E,0.02315963,0.070616248,0
G504L,504,G,L,0.023019116,0.070154638,0
S443C,443,S,C,0.02285938,0.069629881,0
L390T,390,L,T,0.02274976,0.069269762,0
N460G,460,N,G,0.022733068,0.069214927,0
F490Y,490,F,Y,0.022685186,0.069057627,0
L452N,452,L,N,0.022584654,0.068727364,0
Y453F,453,Y,F,0.022552362,0.06862128,0
G485C,485,G,C,0.022500488,0.068450866,0
F374D,374,F,D,0.022411314,0.068157915,0
N439Y,439,N,Y,0.022358592,0.067984716,0
P384Y,384,P,Y,0.02203847,0.066933066,0
I472Q,472,I,Q,0.02201593,0.066859019,0
Q498C,498,Q,C,0.022002358,0.066814432,0
V483Q,483,V,Q,0.021735446,0.065937586,0
V362S,362,V,S,0.021734516,0.06593453,0
D405K,405,D,K,0.021709376,0.065851942,0
V445M,445,V,M,0.021660899,0.065692686,0
G496W,496,G,W,0.021578852,0.06542315,0
Q493M,493,Q,M,0.021573691,0.065406197,0
T385E,385,T,E,0.021430788,0.064936737,0
T385D,385,T,D,0.02131606,0.064559838,0
P384E,384,P,E,0.021260384,0.064376934,0
G504V,504,G,V,0.021221006,0.064247571,0
Q498E,498,Q,E,0.021192814,0.064154956,0
G485Q,485,G,Q,0.021181847,0.064118928,0
K386D,386,K,D,0.021111674,0.063888399,0
L452C,452,L,C,0.021065866,0.063737913,0
K378Q,378,K,Q,0.02088751,0.063151986,0
Y453M,453,Y,M,0.020824946,0.062946454,0
P384R,384,P,R,0.020792512,0.062839903,0
N440V,440,N,V,0.020504464,0.061893621,0
Y365P,365,Y,P,0.020464916,0.0617637,0
N450E,450,N,E,0.020231303,0.060996247,0
N501G,501,N,G,0.020015226,0.0602864,0
K529N,529,K,N,0.01996854,0.060133029,0
G504M,504,G,M,0.019829272,0.059675512,0
Y396T,396,Y,T,0.019811462,0.059617004,0
T415G,415,T,G,0.019728426,0.059344218,0
T500E,500,T,E,0.019695812,0.059237076,0
Y505Q,505,Y,Q,0.019651292,0.059090821,0
Y365A,365,Y,A,0.019582586,0.058865111,0
N501L,501,N,L,0.019341862,0.058074296,0
Y489F,489,Y,F,0.019322496,0.058010675,0
R408E,408,R,E,0.019255786,0.057791523,0
Y369E,369,Y,E,0.019159492,0.057475182,0
L455M,455,L,M,0.019005384,0.056968915,0
G504K,504,G,K,0.019004062,0.056964571,0
T376F,376,T,F,0.018988088,0.056912095,0
T500K,500,T,K,0.018955466,0.056804926,0
K378S,378,K,S,0.018819934,0.056359682,0
Q498Y,498,Q,Y,0.018812624,0.056335668,0
N501W,501,N,W,0.018799712,0.05629325,0
G482D,482,G,D,0.018746882,0.056119695,0
N440T,440,N,T,0.018613086,0.055680155,0
L492F,492,L,F,0.018550772,0.055475444,0
S371N,371,S,N,0.01854005,0.055440221,0
K378I,378,K,I,0.01839642,0.054968374,0
P384N,384,P,N,0.01831648,0.054705759,0
T385Q,385,T,Q,0.01823782,0.054447349,0
A372T,372,A,T,0.018214256,0.054369937,0
Y365C,365,Y,C,0.01821213,0.054362953,0
A372S,372,A,S,0.018200542,0.054324885,0
G496M,496,G,M,0.01819505,0.054306843,0
P499M,499,P,M,0.01814283,0.054135292,0
Q498I,498,Q,I,0.01813597,0.054112756,0
T500W,500,T,W,0.018129064,0.054090069,0
N501M,501,N,M,0.018118964,0.054056889,0
N440Y,440,N,Y,0.018094294,0.053975844,0
G485A,485,G,A,0.01808945,0.053959931,0
C391N,391,C,N,0.017967556,0.05355949,0
G476H,476,G,H,0.01775117,0.052848629,0
F456W,456,F,W,0.017738904,0.052808333,0
V483N,483,V,N,0.017733008,0.052788964,0
N440D,440,N,D,0.017697278,0.052671585,0
K378T,378,K,T,0.017692676,0.052656467,0
T470N,470,T,N,0.01765017,0.052516828,0
E471C,471,E,C,0.017643342,0.052494397,0
K386S,386,K,S,0.017625688,0.052436401,0
S366V,366,S,V,0.01758091,0.052289299,0
P384H,384,P,H,0.017522442,0.052097222,0
G485S,485,G,S,0.017352408,0.051538635,0
S366I,366,S,I,0.017236956,0.051159357,0
V483Y,483,V,Y,0.017207001,0.05106095,0
K386E,386,K,E,0.017204146,0.051051571,0
N440M,440,N,M,0.017180454,0.050973739,0
Y365V,365,Y,V,0.017090936,0.050679659,0
K529D,529,K,D,0.01693026,0.050151814,0
T500R,500,T,R,0.016928964,0.050147556,0
G504N,504,G,N,0.016688716,0.049358304,0
T470E,470,T,E,0.016611606,0.049104987,0
S383N,383,S,N,0.016432976,0.048518159,0
Y449F,449,Y,F,0.016362829,0.048287717,0
Q498F,498,Q,F,0.016314092,0.048127608,0
S366D,366,S,D,0.01601748,0.047153192,0
P384Q,384,P,Q,0.015972684,0.04700603,0
V382M,382,V,M,0.015828412,0.046532074,0
I472M,472,I,M,0.01576499,0.046323724,0
S494T,494,S,T,0.015718582,0.046171266,0
Q506H,506,Q,H,0.0156559,0.045965346,0
K378H,378,K,H,0.015651442,0.045950701,0
N501Q,501,N,Q,0.015583829,0.045728582,0
S383L,383,S,L,0.015569556,0.045681693,0
Y365L,365,Y,L,0.015531454,0.045556522,0
N450K,450,N,K,0.015461874,0.045327942,0
P499A,499,P,A,0.0154594,0.045319814,0
Q498G,498,Q,G,0.015320702,0.044864169,0
N501A,501,N,A,0.015208632,0.044496002,0
P507A,507,P,A,0.015195206,0.044451896,0
V483A,483,V,A,0.01519048,0.04443637,0
T500H,500,T,H,0.015178916,0.044398381,0
K386A,386,K,A,0.015173538,0.044380713,0
G504D,504,G,D,0.015169528,0.04436754,0
G485M,485,G,M,0.015140724,0.044272914,0
S383I,383,S,I,0.015036158,0.043929399,0
T500Y,500,T,Y,0.01483309,0.04326229,0
N501P,501,N,P,0.014806792,0.043175896,0
G504Q,504,G,Q,0.014759102,0.043019227,0
N354D,354,N,D,0.014757356,0.043013492,0
T393I,393,T,I,0.014714434,0.042872486,0
T500F,500,T,F,0.014686992,0.042782335,0
V362T,362,V,T,0.01464899,0.042657493,0
Q506E,506,Q,E,0.014635362,0.042612723,0
Y505N,505,Y,N,0.01461594,0.042548918,0
Q498H,498,Q,H,0.014542876,0.042308892,0
L335G,335,L,G,0.014472844,0.042078826,0
L390S,390,L,S,0.014415108,0.041889154,0
K378A,378,K,A,0.014371116,0.041744634,0
R408W,408,R,W,0.014319558,0.041575258,0
L518I,518,L,I,0.014245114,0.041330698,0
Y365I,365,Y,I,0.014221144,0.041251953,0
K386G,386,K,G,0.014096638,0.040842932,0
S366L,366,S,L,0.01407804,0.040781834,0
S443T,443,S,T,0.014048306,0.040684154,0
Q409E,409,Q,E,0.013971455,0.040431687,0
N501V,501,N,V,0.013919794,0.040261972,0
N394P,394,N,P,0.013803528,0.039880021,0
I468H,468,I,H,0.013800132,0.039868864,0
N450R,450,N,R,0.013770666,0.039772064,0
L452M,452,L,M,0.013740922,0.03967435,0
T376N,376,T,N,0.013667814,0.039434179,0
Q493H,493,Q,H,0.013659416,0.039406591,0
Y473W,473,Y,W,0.013646736,0.039364935,0
E406D,406,E,D,0.013638846,0.039339015,0
L518K,518,L,K,0.013615762,0.03926318,0
Y505M,505,Y,M,0.01355118,0.039051019,0
S383T,383,S,T,0.013550436,0.039048575,0
S359P,359,S,P,0.013549728,0.039046249,0
N450C,450,N,C,0.013537924,0.039007471,0
N439V,439,N,V,0.013513318,0.038926636,0
K386C,386,K,C,0.013510986,0.038918975,0
D428N,428,D,N,0.013498468,0.038877852,0
Q498M,498,Q,M,0.013487694,0.038842457,0
P384G,384,P,G,0.013447056,0.038708955,0
G482T,482,G,T,0.013396604,0.038543213,0
S383K,383,S,K,0.013354956,0.038406393,0
Y369G,369,Y,G,0.013322368,0.038299336,0
V483H,483,V,H,0.013221922,0.037969356,0
N450Y,450,N,Y,0.013169294,0.037796465,0
P384L,384,P,L,0.013136646,0.037689211,0
G413N,413,G,N,0.012982478,0.037182746,0
S383C,383,S,C,0.01296569,0.037127594,0
S366N,366,S,N,0.012960704,0.037111215,0
G496A,496,G,A,0.012944057,0.037056527,0
L517N,517,L,N,0.012937486,0.03703494,0
Y369Q,369,Y,Q,0.012924892,0.036993567,0
A475G,475,A,G,0.012922082,0.036984335,0
Y369K,369,Y,K,0.01292173,0.036983179,0
T500G,500,T,G,0.012913472,0.03695605,0
T385H,385,T,H,0.012794942,0.03656666,0
G504F,504,G,F,0.012791226,0.036554453,0
F374Q,374,F,Q,0.012752378,0.036426832,0
K356S,356,K,S,0.012702012,0.036261372,0
E406Q,406,E,Q,0.012694912,0.036238047,0
S383Q,383,S,Q,0.012671332,0.036160583,0
S383H,383,S,H,0.012670388,0.036157482,0
T415D,415,T,D,0.01260595,0.035945793,0
N440R,440,N,R,0.01260475,0.035941851,0
N481P,481,N,P,0.012602588,0.035934749,0
P384M,384,P,M,0.012594071,0.03590677,0
A348D,348,A,D,0.012546038,0.035748973,0
K386T,386,K,T,0.012536748,0.035718454,0
D405N,405,D,N,0.012517164,0.035654118,0
V395A,395,V,A,0.012482964,0.035541766,0
G504H,504,G,H,0.012481328,0.035536391,0
T470D,470,T,D,0.012475418,0.035516976,0
Y365T,365,Y,T,0.01247132,0.035503513,0
I434Y,434,I,Y,0.012453396,0.03544463,0
P499V,499,P,V,0.012443196,0.035411122,0
K386Q,386,K,Q,0.012418588,0.035330281,0
S383Y,383,S,Y,0.01235296,0.035114683,0
K386N,386,K,N,0.012289182,0.034905162,0
T345K,345,T,K,0.0122505,0.034778086,0
L452V,452,L,V,0.012238164,0.03473756,0
G504P,504,G,P,0.012232668,0.034719505,0
Y369S,369,Y,S,0.012214796,0.034660793,0
S366E,366,S,E,0.012209708,0.034644078,0
I472L,472,I,L,0.012196896,0.034601988,0
P521N,521,P,N,0.012131328,0.034386587,0
V367A,367,V,A,0.012092158,0.034257908,0
S366W,366,S,W,0.012063756,0.034164603,0
K356T,356,K,T,0.012045888,0.034105904,0
N439K,439,N,K,0.011973792,0.033869059,0
T500C,500,T,C,0.011968312,0.033851055,0
P384W,384,P,W,0.011949566,0.033789471,0
Q493N,493,Q,N,0.011948294,0.033785293,0
S371P,371,S,P,0.011937986,0.033751429,0
S349N,349,S,N,0.011933854,0.033737855,0
Y505H,505,Y,H,0.01190349,0.033638105,0
Q498V,498,Q,V,0.011890736,0.033596206,0
N450V,450,N,V,0.01183537,0.03341432,0
A363W,363,A,W,0.011823976,0.033376889,0
L455V,455,L,V,0.01182359,0.033375621,0
T345R,345,T,R,0.011810281,0.0333319,0
K378C,378,K,C,0.011793728,0.03327752,0
F392A,392,F,A,0.011774776,0.03321526,0
T500N,500,T,N,0.011744066,0.033114372,0
A522D,522,A,D,0.011720832,0.033038045,0
N370Q,370,N,Q,0.011690626,0.032938814,0
N450W,450,N,W,0.011681762,0.032909694,0
G504W,504,G,W,0.011680918,0.032906922,0
F486Y,486,F,Y,0.011672714,0.03287997,0
G526E,526,G,E,0.011655068,0.032822,0
S383V,383,S,V,0.01158651,0.032596777,0
S459Q,459,S,Q,0.011578364,0.032570016,0
T376W,376,T,W,0.011558044,0.032503263,0
G381N,381,G,N,0.011526784,0.032400568,0
N450G,450,N,G,0.01143441,0.032097105,0
Y369A,369,Y,A,0.011412604,0.032025469,0
F392I,392,F,I,0.011403502,0.031995568,0
A352D,352,A,D,0.011403484,0.031995508,0
N450Q,450,N,Q,0.011387922,0.031944385,0
T385N,385,T,N,0.011373448,0.031896836,0
Q498A,498,Q,A,0.011370038,0.031885633,0
N501H,501,N,H,0.01136262,0.031861264,0
L518P,518,L,P,0.011347808,0.031812604,0
N439L,439,N,L,0.011338588,0.031782315,0
G413K,413,G,K,0.01129724,0.031646481,0
V367W,367,V,W,0.011223702,0.031404896,0
V367R,367,V,R,0.011182938,0.031270981,0
V503E,503,V,E,0.011163784,0.031208057,0
N450I,450,N,I,0.011162454,0.031203688,0
T376Y,376,T,Y,0.011150436,0.031164207,0
P384S,384,P,S,0.011141502,0.031134857,0
N481T,481,N,T,0.011130624,0.031099122,0
R408G,408,R,G,0.011116028,0.031051172,0
N501T,501,N,T,0.011101334,0.031002899,0
N450F,450,N,F,0.01109462,0.030980843,0
I468N,468,I,N,0.011004056,0.030683326,0
V367E,367,V,E,0.011002638,0.030678668,0
Y365M,365,Y,M,0.010982446,0.030612334,0
G504R,504,G,R,0.010979544,0.030602801,0
Q498N,498,Q,N,0.01089467,0.030323977,0
G526D,526,G,D,0.010892284,0.030316138,0
R357N,357,R,N,0.010875342,0.030260481,0
F374A,374,F,A,0.010839804,0.030143733,0
E516D,516,E,D,0.01082479,0.03009441,0
V367F,367,V,F,0.010802734,0.030021953,0
D405E,405,D,E,0.010793024,0.029990054,0
V395G,395,V,G,0.010792614,0.029988707,0
N388E,388,N,E,0.010774036,0.029927674,0
Y369R,369,Y,R,0.010740524,0.029817583,0
S477Q,477,S,Q,0.010705288,0.029701828,0
S530E,530,S,E,0.010695968,0.02967121,0
R357E,357,R,E,0.010671882,0.029592084,0
I358V,358,I,V,0.0106546,0.02953531,0
L518T,518,L,T,0.010618282,0.029415998,0
T385A,385,T,A,0.010613302,0.02939964,0
Y369V,369,Y,V,0.010607458,0.029380441,0
K378M,378,K,M,0.010570804,0.029260027,0
T393D,393,T,D,0.010562984,0.029234337,0
R357P,357,R,P,0.01055577,0.029210638,0
V362G,362,V,G,0.010547626,0.029183884,0
P384A,384,P,A,0.010540736,0.029161249,0
V367K,367,V,K,0.01051149,0.029065172,0
F392P,392,F,P,0.010476498,0.028950218,0
N450H,450,N,H,0.010424114,0.028778128,0
N440Q,440,N,Q,0.01042234,0.0287723,0
L390Y,390,L,Y,0.010418974,0.028761242,0
P337T,337,P,T,0.0104166,0.028753443,0
T393L,393,T,L,0.010406648,0.02872075,0
N450L,450,N,L,0.010399922,0.028698654,0
Y396I,396,Y,I,0.010330184,0.028469554,0
Y369C,369,Y,C,0.010317912,0.028429238,0
S366M,366,S,M,0.010302408,0.028378305,0
K529C,529,K,C,0.010292294,0.028345079,0
K378R,378,K,R,0.010265742,0.028257852,0
V445I,445,V,I,0.010224724,0.028123101,0
K529T,529,K,T,0.010195516,0.028027149,0
N481V,481,N,V,0.01018256,0.027984586,0
Y473H,473,Y,H,0.010170084,0.027943601,0
Y369M,369,Y,M,0.01015789,0.027903541,0
G504E,504,G,E,0.010132114,0.027818863,0
Y508H,508,Y,H,0.010099036,0.027710197,0
T470R,470,T,R,0.010091106,0.027684146,0
G526P,526,G,P,0.010086656,0.027669527,0
I472T,472,I,T,0.010063964,0.02759498,0
P337C,337,P,C,0.01005855,0.027577194,0
I434F,434,I,F,0.010054196,0.027562891,0
A363H,363,A,H,0.010041908,0.027522523,0
G526L,526,G,L,0.010034162,0.027497076,0
R408V,408,R,V,0.010032552,0.027491787,0
P499L,499,P,L,0.010017506,0.027442359,0
Y396C,396,Y,C,0.01000593,0.02740433,0
K386V,386,K,V,0.010000756,0.027387332,0
F374T,374,F,T,0.009985962,0.027338732,0
V362Q,362,V,Q,0.00996747,0.027277983,0
Y351H,351,Y,H,0.009963664,0.027265479,0
I468E,468,I,E,0.009959756,0.027252641,0
A520P,520,A,P,0.009956352,0.027241458,0
R408P,408,R,P,0.009947024,0.027210814,0
F377W,377,F,W,0.009938228,0.027181918,0
Y451L,451,Y,L,0.00993701,0.027177917,0
R357D,357,R,D,0.00990341,0.027067536,0
S530D,530,S,D,0.009896226,0.027043935,0
T470Q,470,T,Q,0.00988151,0.026995591,0
V367Q,367,V,Q,0.00986749,0.026949533,0
S530A,530,S,A,0.009862632,0.026933574,0
V401I,401,V,I,0.009828258,0.02682065,0
S514Y,514,S,Y,0.009825538,0.026811714,0
N360D,360,N,D,0.00981961,0.02679224,0
V382Y,382,V,Y,0.009818632,0.026789027,0
F347W,347,F,W,0.00981324,0.026771313,0
Y449W,449,Y,W,0.009795424,0.026712785,0
G504T,504,G,T,0.009794062,0.026708311,0
Y369F,369,Y,F,0.00977154,0.026634323,0
N460D,460,N,D,0.009754674,0.026578915,0
T385Y,385,T,Y,0.009751902,0.026569809,0
P384V,384,P,V,0.009750668,0.026565755,0
L518N,518,L,N,0.009737316,0.026521891,0
F392C,392,F,C,0.009737116,0.026521234,0
N439Q,439,N,Q,0.009720514,0.026466694,0
T500M,500,T,M,0.009715192,0.026449211,0
S514C,514,S,C,0.009712462,0.026440242,0
V382F,382,V,F,0.00969862,0.026394769,0
T385S,385,T,S,0.009694288,0.026380538,0
F377I,377,F,I,0.009689196,0.02636381,0
Y369T,369,Y,T,0.009650638,0.026237141,0
L390D,390,L,D,0.009649652,0.026233902,0
G482L,482,G,L,0.009630104,0.026169684,0
S514V,514,S,V,0.009617858,0.026129454,0
A520D,520,A,D,0.009613908,0.026116477,0
S366F,366,S,F,0.009592896,0.02604745,0
C391H,391,C,H,0.009580709,0.026007414,0
P384F,384,P,F,0.009576136,0.025992391,0
A397V,397,A,V,0.009569302,0.02596994,0
N501S,501,N,S,0.00954641,0.025894736,0
K356V,356,K,V,0.009530672,0.025843034,0
N439H,439,N,H,0.009517552,0.025799933,0
K528D,528,K,D,0.009517446,0.025799585,0
N440C,440,N,C,0.009507966,0.025768442,0
V341L,341,V,L,0.009506236,0.025762758,0
P384T,384,P,T,0.00949963,0.025741057,0
V382T,382,V,T,0.009492538,0.025717758,0
L518V,518,L,V,0.009485164,0.025693534,0
F338I,338,F,I,0.009477268,0.025667594,0
T385K,385,T,K,0.00946115,0.025614644,0
K386H,386,K,H,0.009420338,0.02548057,0
T385M,385,T,M,0.009393418,0.025392134,0
V367S,367,V,S,0.00938459,0.025363133,0
V367N,367,V,N,0.009373422,0.025326444,0
F392N,392,F,N,0.009367792,0.025307949,0
V503A,503,V,A,0.009359826,0.025281779,0
F392T,392,F,T,0.009359424,0.025280458,0
K528A,528,K,A,0.009354066,0.025262857,0
V382C,382,V,C,0.009341704,0.025222245,0
Y351W,351,Y,W,0.009318251,0.025145199,0
R408A,408,R,A,0.00930249,0.025093421,0
V483M,483,V,M,0.009274992,0.025003086,0
Y369L,369,Y,L,0.009270926,0.024989729,0
T385G,385,T,G,0.009252248,0.024928369,0
P384I,384,P,I,0.0092436,0.024899959,0
V362C,362,V,C,0.009240747,0.024890587,0
N450A,450,N,A,0.00924068,0.024890366,0
S359V,359,S,V,0.009239546,0.024886641,0
Y369I,369,Y,I,0.009230758,0.024857771,0
K528G,528,K,G,0.009184956,0.024707304,0
Y508A,508,Y,A,0.009174672,0.02467352,0
N394L,394,N,L,0.009166524,0.024646752,0
A475T,475,A,T,0.00916372,0.024637541,0
F377V,377,F,V,0.0091443,0.024573743,0
T531D,531,T,D,0.009142646,0.024568309,0
S514F,514,S,F,0.009136034,0.024546588,0
G413R,413,G,R,0.009106452,0.024449407,0
F377M,377,F,M,0.009105374,0.024445865,0
R408C,408,R,C,0.009090356,0.024396529,0
R403S,403,R,S,0.009063104,0.024307002,0
C525N,525,C,N,0.009058354,0.024291397,0
T393C,393,T,C,0.009048656,0.024259538,0
R408T,408,R,T,0.00903904,0.024227948,0
S366P,366,S,P,0.009016532,0.024154006,0
G504S,504,G,S,0.009013138,0.024142856,0
T470K,470,T,K,0.009008262,0.024126837,0
G413H,413,G,H,0.009007118,0.024123079,0
L517S,517,L,S,0.009005676,0.024118342,0
T430Y,430,T,Y,0.00899729,0.024090793,0
L492I,492,L,I,0.008988174,0.024060845,0
A520C,520,A,C,0.0089557,0.023954165,0
V367D,367,V,D,0.008953522,0.023947008,0
Q506A,506,Q,A,0.00894383,0.023915168,0
T478D,478,T,D,0.008928616,0.023865188,0
T385C,385,T,C,0.008926894,0.023859531,0
V407I,407,V,I,0.008909076,0.023800996,0
S514H,514,S,H,0.008903846,0.023783815,0
N439M,439,N,M,0.008895864,0.023757593,0
N354V,354,N,V,0.008894982,0.023754695,0
H519Q,519,H,Q,0.008893967,0.02375136,0
N394A,394,N,A,0.00889213,0.023745326,0
V341I,341,V,I,0.0088894,0.023736358,0
R408H,408,R,H,0.008880436,0.023706909,0
T531E,531,T,E,0.008870334,0.023673723,0
K386M,386,K,M,0.008858064,0.023633414,0
G413M,413,G,M,0.008848504,0.023602008,0
T393K,393,T,K,0.008826272,0.023528972,0
L390A,390,L,A,0.008826072,0.023528315,0
P479E,479,P,E,0.00880898,0.023472166,0
I402C,402,I,C,0.008806002,0.023462382,0
S494A,494,S,A,0.00878894,0.023406331,0
K529Y,529,K,Y,0.008785498,0.023395024,0
R403A,403,R,A,0.00877717,0.023367665,0
F464S,464,F,S,0.008773494,0.023355589,0
L455I,455,L,I,0.008772016,0.023350733,0
T376K,376,T,K,0.008765804,0.023330326,0
S459E,459,S,E,0.008760392,0.023312547,0
F464G,464,F,G,0.008758602,0.023306667,0
E471P,471,E,P,0.008738058,0.023239176,0
K458P,458,K,P,0.008737462,0.023237218,0
K528V,528,K,V,0.008707688,0.023139406,0
I468C,468,I,C,0.008707234,0.023137914,0
G504Y,504,G,Y,0.00869664,0.023103111,0
Y451H,451,Y,H,0.00869568,0.023099958,0
A397C,397,A,C,0.008689956,0.023081154,0
A522Y,522,A,Y,0.008686845,0.023070933,0
N450M,450,N,M,0.008680958,0.023051594,0
Y380W,380,Y,W,0.00866198,0.022989248,0
I468T,468,I,T,0.008657516,0.022974583,0
L390H,390,L,H,0.008648854,0.022946127,0
P337E,337,P,E,0.008646722,0.022939123,0
N501F,501,N,F,0.008644634,0.022932264,0
R408S,408,R,S,0.008644628,0.022932244,0
A520I,520,A,I,0.008642698,0.022925903,0
S359I,359,S,I,0.00863834,0.022911587,0
F392V,392,F,V,0.008624926,0.022867519,0
L390G,390,L,G,0.008604162,0.022799307,0
N394C,394,N,C,0.008586042,0.02273978,0
F392Y,392,F,Y,0.008582838,0.022729254,0
Y508T,508,Y,T,0.008553688,0.022633492,0
S514Q,514,S,Q,0.008549132,0.022618524,0
F338L,338,F,L,0.008548128,0.022615227,0
L517T,517,L,T,0.008545624,0.022607001,0
R357V,357,R,V,0.008541552,0.022593624,0
L441A,441,L,A,0.008538968,0.022585135,0
N501Y,501,N,Y,0.00853598,0.022575319,0
S530C,530,S,C,0.008530898,0.022558624,0
S359T,359,S,T,0.00851678,0.022512244,0
T430R,430,T,R,0.008513616,0.022501851,0
Y508W,508,Y,W,0.008511924,0.022496291,0
V367G,367,V,G,0.008507758,0.022482605,0
K529M,529,K,M,0.00850707,0.022480345,0
K529E,529,K,E,0.008489732,0.022423387,0
C525S,525,C,S,0.008481206,0.022395378,0
A397I,397,A,I,0.008478222,0.022385575,0
A475S,475,A,S,0.008464418,0.022340227,0
S383A,383,S,A,0.008450844,0.022295633,0
N370D,370,N,D,0.008450716,0.022295213,0
R357C,357,R,C,0.00843693,0.022249924,0
A363Q,363,A,Q,0.00843478,0.022242861,0
A475C,475,A,C,0.008424146,0.022207927,0
K528N,528,K,N,0.008420068,0.022194531,0
V367T,367,V,T,0.008411246,0.022165548,0
S373R,373,S,R,0.008403664,0.02214064,0
G413L,413,G,L,0.008397936,0.022121823,0
P337D,337,P,D,0.008395976,0.022115384,0
D427Q,427,D,Q,0.008386356,0.022083781,0
L461I,461,L,I,0.00838368,0.02207499,0
K529S,529,K,S,0.008378702,0.022058636,0
T393Y,393,T,Y,0.008374866,0.022046035,0
F377L,377,F,L,0.008364359,0.022011517,0
T376I,376,T,I,0.008357853,0.021990145,0
N334E,334,N,E,0.008347534,0.021956245,0
R403T,403,R,T,0.008338036,0.021925042,0
Y421F,421,Y,F,0.008327996,0.021892059,0
T376H,376,T,H,0.008321972,0.02187227,0
N394V,394,N,V,0.008308142,0.021826836,0
C391D,391,C,D,0.008301526,0.021805101,0
S373Q,373,S,Q,0.008300946,0.021803196,0
T500P,500,T,P,0.008299942,0.021799898,0
V367M,367,V,M,0.008296614,0.021788965,0
L517E,517,L,E,0.008294728,0.021782769,0
P527E,527,P,E,0.008293714,0.021779438,0
G413Y,413,G,Y,0.008278298,0.021728794,0
S373N,373,S,N,0.008242448,0.021611021,0
Y365W,365,Y,W,0.008222664,0.021546028,0
T385F,385,T,F,0.00822077,0.021539806,0
W353F,353,W,F,0.008212522,0.02151271,0
Y369W,369,Y,W,0.008203416,0.021482795,0
S349P,349,S,P,0.008201774,0.021477401,0
P527I,527,P,I,0.008198966,0.021468176,0
L441H,441,L,H,0.008197188,0.021462335,0
A363G,363,A,G,0.008170046,0.02137317,0
K528E,528,K,E,0.008164312,0.021354332,0
P337Q,337,P,Q,0.008163988,0.021353269,0
D389N,389,D,N,0.008155938,0.021326822,0
G476S,476,G,S,0.008154048,0.021320614,0
S399T,399,S,T,0.008152569,0.021315756,0
A348N,348,A,N,0.008143128,0.02128474,0
G482S,482,G,S,0.008137602,0.021266586,0
A522E,522,A,E,0.008136116,0.021261704,0
I468Y,468,I,Y,0.008123134,0.021219056,0
A520L,520,A,L,0.00810882,0.021172033,0
T470G,470,T,G,0.00808919,0.021107545,0
Y396W,396,Y,W,0.008087938,0.021103432,0
A348P,348,A,P,0.008084244,0.021091297,0
V362W,362,V,W,0.008062365,0.021019422,0
T393E,393,T,E,0.008052754,0.020987847,0
R357H,357,R,H,0.008017868,0.020873242,0
N360M,360,N,M,0.00801097,0.02085058,0
L335E,335,L,E,0.008006254,0.020835088,0
V362D,362,V,D,0.008005286,0.020831908,0
I468D,468,I,D,0.007984666,0.020764168,0
A520N,520,A,N,0.007981866,0.020754969,0
F464A,464,F,A,0.007979548,0.020747354,0
K458I,458,K,I,0.007961904,0.020689391,0
F342M,342,F,M,0.007958166,0.020677111,0
V362Y,362,V,Y,0.007953988,0.020663386,0
S383P,383,S,P,0.007951106,0.020653918,0
R466Q,466,R,Q,0.007945616,0.020635883,0
N370G,370,N,G,0.007936448,0.020605764,0
S373L,373,S,L,0.007934664,0.020599904,0
A520T,520,A,T,0.00793415,0.020598215,0
L517H,517,L,H,0.007922178,0.020558885,0
F374V,374,F,V,0.007921824,0.020557722,0
V483W,483,V,W,0.007921408,0.020556356,0
K529V,529,K,V,0.007920718,0.020554089,0
D428K,428,D,K,0.007917684,0.020544122,0
V367H,367,V,H,0.007897964,0.020479339,0
G526N,526,G,N,0.007889154,0.020450396,0
C391Q,391,C,Q,0.007886222,0.020440764,0
G482A,482,G,A,0.007882173,0.020427461,0
G339A,339,G,A,0.007873424,0.020398721,0
G504A,504,G,A,0.00787255,0.02039585,0
V483C,483,V,C,0.007866544,0.020376119,0
L518Q,518,L,Q,0.007861616,0.02035993,0
S366A,366,S,A,0.007855026,0.020338281,0
S375A,375,S,A,0.007854712,0.020337249,0
T500Q,500,T,Q,0.007853956,0.020334766,0
K528Q,528,K,Q,0.007848756,0.020317683,0
A372K,372,A,K,0.007839044,0.020285777,0
S359W,359,S,W,0.007831082,0.020259621,0
T523Y,523,T,Y,0.007828476,0.020251061,0
A363C,363,A,C,0.007820746,0.020225666,0
H519P,519,H,P,0.00780813,0.02018422,0
T393V,393,T,V,0.007807092,0.02018081,0
K528T,528,K,T,0.007802814,0.020166756,0
R408L,408,R,L,0.007800182,0.02015811,0
T415H,415,T,H,0.007799324,0.020155291,0
F392H,392,F,H,0.007784784,0.020107525,0
F392L,392,F,L,0.00777911,0.020088885,0
L518R,518,L,R,0.00777784,0.020084713,0
L390E,390,L,E,0.007758932,0.020022597,0
V524A,524,V,A,0.007754459,0.020007902,0
A520S,520,A,S,0.00775319,0.020003734,0
T393A,393,T,A,0.00775292,0.020002847,0
F515M,515,F,M,0.00773523,0.019944733,0
L518S,518,L,S,0.00773431,0.01994171,0
I332A,332,I,A,0.00773366,0.019939575,0
I332Y,332,I,Y,0.007728934,0.019924049,0
V362I,362,V,I,0.007727284,0.019918629,0
K528M,528,K,M,0.007727148,0.019918182,0
A363L,363,A,L,0.007715712,0.019880613,0
S443A,443,S,A,0.007710324,0.019862912,0
A520G,520,A,G,0.007707306,0.019852998,0
N439D,439,N,D,0.007702532,0.019837314,0
S477D,477,S,D,0.007697246,0.019819949,0
H519C,519,H,C,0.007689618,0.01979489,0
Q498T,498,Q,T,0.007685641,0.019781826,0
N394I,394,N,I,0.00768291,0.019772853,0
Q414A,414,Q,A,0.007675214,0.019747571,0
G413Q,413,G,Q,0.007664236,0.019711506,0
A348S,348,A,S,0.00765527,0.019682052,0
Y508N,508,Y,N,0.007653482,0.019676178,0
S359D,359,S,D,0.007652566,0.019673169,0
F464N,464,F,N,0.007648504,0.019659824,0
T531G,531,T,G,0.007644488,0.019646631,0
N440P,440,N,P,0.007634428,0.019613582,0
S373E,373,S,E,0.007630374,0.019600264,0
P337S,337,P,S,0.007613092,0.01954349,0
F374H,374,F,H,0.007613082,0.019543458,0
L387I,387,L,I,0.007611986,0.019539857,0
A520M,520,A,M,0.007610313,0.019534361,0
G526A,526,G,A,0.007606676,0.019522413,0
S359N,359,S,N,0.007602348,0.019508195,0
I332D,332,I,D,0.007579742,0.019433931,0
P527T,527,P,T,0.007570866,0.019404772,0
N440H,440,N,H,0.007565868,0.019388352,0
N440A,440,N,A,0.007561398,0.019373668,0
L368F,368,L,F,0.007560164,0.019369614,0
K529G,529,K,G,0.00755643,0.019357347,0
P337L,337,P,L,0.007554968,0.019352544,0
V362N,362,V,N,0.007547104,0.01932671,0
K462N,462,K,N,0.007546814,0.019325757,0
Y396V,396,Y,V,0.007542436,0.019311375,0
C391T,391,C,T,0.007541868,0.019309509,0
V382L,382,V,L,0.007535344,0.019288076,0
A372G,372,A,G,0.007533152,0.019280875,0
V367L,367,V,L,0.007525816,0.019256775,0
A344E,344,A,E,0.007522002,0.019244246,0
I358F,358,I,F,0.007516372,0.01922575,0
K356E,356,K,E,0.007514274,0.019218858,0
R466K,466,R,K,0.007511784,0.019210678,0
I358L,358,I,L,0.007508315,0.019199283,0
I468M,468,I,M,0.007503018,0.01918188,0
S373K,373,S,K,0.007500888,0.019174883,0
A352E,352,A,E,0.007500154,0.019172472,0
A520K,520,A,K,0.007491824,0.019145106,0
L390N,390,L,N,0.00748967,0.01913803,0
A372E,372,A,E,0.00748853,0.019134285,0
S514I,514,S,I,0.007487488,0.019130862,0
T430Q,430,T,Q,0.00748112,0.019109942,0
I332G,332,I,G,0.007478466,0.019101222,0
K356R,356,K,R,0.00747815,0.019100185,0
L517I,517,L,I,0.00747716,0.019096933,0
T523I,523,T,I,0.007473303,0.019084262,0
Q414E,414,Q,E,0.007468036,0.019066959,0
A419P,419,A,P,0.007462077,0.019047384,0
Q474N,474,Q,N,0.007461218,0.019044561,0
V524G,524,V,G,0.007459147,0.019037758,0
S514K,514,S,K,0.007454252,0.019021677,0
L518H,518,L,H,0.007452578,0.019016177,0
H519N,519,H,N,0.007451718,0.019013352,0
F374I,374,F,I,0.007449814,0.019007097,0
A520E,520,A,E,0.007446686,0.018996821,0
I358M,358,I,M,0.007439462,0.018973089,0
Y508V,508,Y,V,0.007439408,0.018972912,0
Y369H,369,Y,H,0.007435956,0.018961572,0
C391A,391,C,A,0.007435518,0.018960133,0
F342L,342,F,L,0.007433642,0.01895397,0
S530T,530,S,T,0.007423048,0.018919167,0
Q506N,506,Q,N,0.007421236,0.018913214,0
K462Q,462,K,Q,0.007416574,0.018897899,0
N334I,334,N,I,0.007412844,0.018885645,0
K528L,528,K,L,0.007409158,0.018873536,0
L390M,390,L,M,0.007408834,0.018872472,0
S373P,373,S,P,0.007403162,0.018853838,0
A475L,475,A,L,0.007398592,0.018838825,0
D427L,427,D,L,0.007398454,0.018838372,0
L518Y,518,L,Y,0.007394184,0.018824344,0
I468G,468,I,G,0.00738352,0.018789311,0
C391E,391,C,E,0.007374068,0.01875826,0
T430N,430,T,N,0.007373578,0.01875665,0
P479K,479,P,K,0.007371212,0.018748878,0
Q414G,414,Q,G,0.007368094,0.018738634,0
I468P,468,I,P,0.00736464,0.018727288,0
E465D,465,E,D,0.00736091,0.018715034,0
G381R,381,G,R,0.007359396,0.01871006,0
S469C,469,S,C,0.007358908,0.018708457,0
P527N,527,P,N,0.00735628,0.018699824,0
A363P,363,A,P,0.007350064,0.018679403,0
K356Q,356,K,Q,0.007349906,0.018678884,0
K529P,529,K,P,0.007348144,0.018673096,0
L517K,517,L,K,0.00734645,0.018667531,0
G482Y,482,G,Y,0.007346228,0.018666801,0
T531N,531,T,N,0.007344784,0.018662058,0
K528Y,528,K,Y,0.007341454,0.018651118,0
P337G,337,P,G,0.007334338,0.018627741,0
G482N,482,G,N,0.007329316,0.018611243,0
V395I,395,V,I,0.007328476,0.018608483,0
N440S,440,N,S,0.007326016,0.018600402,0
I468L,468,I,L,0.007317592,0.018572728,0
N481I,481,N,I,0.007311414,0.018552432,0
N388D,388,N,D,0.007308896,0.01854416,0
T393G,393,T,G,0.007304974,0.018531276,0
I358Y,358,I,Y,0.007303736,0.018527209,0
V362A,362,V,A,0.007301644,0.018520336,0
G526V,526,G,V,0.007300682,0.018517176,0
N440G,440,N,G,0.007300428,0.018516341,0
Y451F,451,Y,F,0.00729834,0.018509482,0
C391K,391,C,K,0.007295628,0.018500573,0
L452I,452,L,I,0.007288492,0.01847713,0
F374M,374,F,M,0.007286352,0.018470099,0
T385W,385,T,W,0.007283606,0.018461078,0
Y351F,351,Y,F,0.007282924,0.018458838,0
N354A,354,N,A,0.007280136,0.018449679,0
G339D,339,G,D,0.00727008,0.018416643,0
F464Q,464,F,Q,0.007262284,0.018391032,0
L518M,518,L,M,0.007260322,0.018384587,0
T531S,531,T,S,0.007259535,0.018382001,0
N334F,334,N,F,0.007255556,0.01836893,0
R357Q,357,R,Q,0.007254928,0.018366867,0
V362F,362,V,F,0.007233776,0.018297379,0
S373D,373,S,D,0.007231978,0.018291473,0
K458H,458,K,H,0.007230494,0.018286597,0
S514T,514,S,T,0.00722923,0.018282445,0
N501I,501,N,I,0.007227156,0.018275632,0
G526S,526,G,S,0.007223054,0.018262156,0
R466H,466,R,H,0.007222898,0.018261643,0
S373M,373,S,M,0.00722246,0.018260204,0
V395M,395,V,M,0.007216134,0.018239423,0
I468Q,468,I,Q,0.007205048,0.018203003,0
G482K,482,G,K,0.007205028,0.018202938,0
K462R,462,K,R,0.007203766,0.018198792,0
H519I,519,H,I,0.007203298,0.018197254,0
A522C,522,A,C,0.007203012,0.018196315,0
Y508M,508,Y,M,0.00720092,0.018189442,0
S375E,375,S,E,0.007197602,0.018178542,0
D427E,427,D,E,0.00719456,0.018168549,0
I332C,332,I,C,0.007191104,0.018157195,0
P521G,521,P,G,0.007178658,0.018116308,0
C391V,391,C,V,0.007175848,0.018107077,0
P527L,527,P,L,0.007174417,0.018102377,0
Y473F,473,Y,F,0.00716012,0.018055408,0
Y451I,451,Y,I,0.00715802,0.018048509,0
K528P,528,K,P,0.007157556,0.018046985,0
N334Q,334,N,Q,0.007156226,0.018042616,0
R357A,357,R,A,0.007151726,0.018027832,0
C391I,391,C,I,0.007151234,0.018026216,0
K356I,356,K,I,0.007150002,0.018022169,0
I358C,358,I,C,0.00714786,0.018015132,0
Y396M,396,Y,M,0.007147768,0.01801483,0
E340G,340,E,G,0.007141896,0.017995539,0
T478E,478,T,E,0.007138941,0.01798583,0
E471D,471,E,D,0.007133896,0.017969258,0
K528S,528,K,S,0.007129238,0.017953956,0
G404K,404,G,K,0.007120396,0.017924909,0
T385R,385,T,R,0.00711692,0.017913489,0
F464Y,464,F,Y,0.00711598,0.017910402,0
S359F,359,S,F,0.007113248,0.017901426,0
N370S,370,N,S,0.007109078,0.017887727,0
R357K,357,R,K,0.007108378,0.017885428,0
S530N,530,S,N,0.007106106,0.017877964,0
V367I,367,V,I,0.007101612,0.0178632,0
S514M,514,S,M,0.00709945,0.017856098,0
D427K,427,D,K,0.0070953,0.017842464,0
T415N,415,T,N,0.007088446,0.017819948,0
S459T,459,S,T,0.007083942,0.017805153,0
S459D,459,S,D,0.007079496,0.017790546,0
Y380F,380,Y,F,0.007073576,0.017771098,0
A372Q,372,A,Q,0.007073294,0.017770171,0
N360E,360,N,E,0.007069682,0.017758305,0
S459H,459,S,H,0.007066628,0.017748272,0
K462Y,462,K,Y,0.007064868,0.017742491,0
D427P,427,D,P,0.007063894,0.017739291,0
A522T,522,A,T,0.007062848,0.017735855,0
I332N,332,I,N,0.00706202,0.017733134,0
N334M,334,N,M,0.007057774,0.017719186,0
C391L,391,C,L,0.007048602,0.017689054,0
G482R,482,G,R,0.007047792,0.017686393,0
R408F,408,R,F,0.007044144,0.017674409,0
T531Q,531,T,Q,0.007043824,0.017673358,0
L335D,335,L,D,0.007043412,0.017672004,0
V367Y,367,V,Y,0.00704324,0.017671439,0
I468S,468,I,S,0.00704107,0.017664311,0
S359H,359,S,H,0.007041,0.017664081,0
R357Y,357,R,Y,0.00703879,0.01765682,0
F392S,392,F,S,0.007038502,0.017655874,0
V362H,362,V,H,0.007036612,0.017649665,0
T393Q,393,T,Q,0.007035198,0.01764502,0
L517M,517,L,M,0.007034142,0.017641551,0
S477N,477,S,N,0.007032016,0.017634567,0
L441V,441,L,V,0.007026582,0.017616715,0
N388P,388,N,P,0.00702528,0.017612438,0
T478A,478,T,A,0.007024612,0.017610243,0
N334G,334,N,G,0.007013684,0.017574343,0
V362R,362,V,R,0.007004044,0.017542674,0
R403M,403,R,M,0.007003667,0.017541437,0
N354T,354,N,T,0.007003664,0.017541426,0
T430V,430,T,V,0.006996402,0.017517569,0
F464L,464,F,L,0.006991182,0.017500421,0
A522P,522,A,P,0.006990264,0.017497405,0
K528I,528,K,I,0.006989052,0.017493423,0
E465Q,465,E,Q,0.006986774,0.01748594,0
S366T,366,S,T,0.00698568,0.017482346,0
A352Q,352,A,Q,0.00698139,0.017468253,0
Y505F,505,Y,F,0.006979632,0.017462477,0
K528R,528,K,R,0.006978,0.017457116,0
N370K,370,N,K,0.006975628,0.017449324,0
K462I,462,K,I,0.006969262,0.01742841,0
N360R,360,N,R,0.006963492,0.017409455,0
A348Q,348,A,Q,0.006962068,0.017404777,0
S373G,373,S,G,0.006959924,0.017397732,0
T415V,415,T,V,0.006958166,0.017391958,0
V362E,362,V,E,0.0069557,0.017383857,0
K462E,462,K,E,0.006953988,0.017378233,0
C391M,391,C,M,0.006949542,0.017363627,0
F374L,374,F,L,0.006948932,0.017361623,0
P527R,527,P,R,0.006947942,0.017358371,0
F338W,338,F,W,0.006946362,0.01735318,0
T470C,470,T,C,0.006945322,0.017349764,0
K462C,462,K,C,0.006944716,0.017347773,0
S459K,459,S,K,0.006943641,0.017344243,0
S477L,477,S,L,0.006941814,0.017338239,0
N481S,481,N,S,0.006938218,0.017326426,0
L517Q,517,L,Q,0.006937513,0.017324109,0
I472V,472,I,V,0.006933746,0.017311735,0
T415S,415,T,S,0.006933054,0.017309461,0
L390V,390,L,V,0.006932616,0.017308023,0
A522V,522,A,V,0.00692986,0.017298969,0
K386L,386,K,L,0.006926546,0.017288082,0
N388G,388,N,G,0.006922532,0.017274895,0
L390F,390,L,F,0.006919904,0.017266262,0
S459N,459,S,N,0.006918922,0.017263037,0
Q414K,414,Q,K,0.00691824,0.017260795,0
N360S,360,N,S,0.00691728,0.017257641,0
R403K,403,R,K,0.006914628,0.017248928,0
I332E,332,I,E,0.006912832,0.017243029,0
I402L,402,I,L,0.00691076,0.017236222,0
A348E,348,A,E,0.006910286,0.017234665,0
S477V,477,S,V,0.006909898,0.01723339,0
C391F,391,C,F,0.006907052,0.017224041,0
V407L,407,V,L,0.006902158,0.017207963,0
N360Q,360,N,Q,0.00690184,0.017206919,0
P337N,337,P,N,0.006896866,0.017190578,0
N394W,394,N,W,0.006895213,0.017185147,0
S530P,530,S,P,0.006894432,0.017182582,0
E465H,465,E,H,0.006888958,0.017164599,0
A397L,397,A,L,0.006886804,0.017157523,0
P527A,527,P,A,0.006886786,0.017157464,0
Y396N,396,Y,N,0.006886466,0.017156413,0
N370E,370,N,E,0.006885614,0.017153614,0
I332Q,332,I,Q,0.00688328,0.017145946,0
H519S,519,H,S,0.006880244,0.017135973,0
Y365F,365,Y,F,0.006879708,0.017134212,0
V362L,362,V,L,0.006879192,0.017132517,0
A372R,372,A,R,0.00687437,0.017116676,0
G339L,339,G,L,0.006868022,0.017095821,0
Q414V,414,Q,V,0.00686756,0.017094304,0
L441Q,441,L,Q,0.006865392,0.017087181,0
H519T,519,H,T,0.006865078,0.01708615,0
L517Y,517,L,Y,0.006863776,0.017081873,0
S530Q,530,S,Q,0.006860882,0.017072365,0
I332K,332,I,K,0.006859926,0.017069225,0
V362M,362,V,M,0.006857567,0.017061475,0
I468K,468,I,K,0.006856922,0.017059356,0
L390R,390,L,R,0.0068536,0.017048443,0
A372P,372,A,P,0.006852932,0.017046248,0
A352G,352,A,G,0.006847862,0.017029593,0
N334K,334,N,K,0.006838068,0.016997418,0
F392W,392,F,W,0.006833544,0.016982556,0
T393N,393,T,N,0.006833004,0.016980782,0
K386I,386,K,I,0.0068301,0.016971242,0
S359A,359,S,A,0.006829192,0.016968259,0
D405S,405,D,S,0.006828135,0.016964788,0
T478Q,478,T,Q,0.006824426,0.016952602,0
A520F,520,A,F,0.00682434,0.016952319,0
A363I,363,A,I,0.006818264,0.016932359,0
K462S,462,K,S,0.006816796,0.016927536,0
G404A,404,G,A,0.00680855,0.016900447,0
A363V,363,A,V,0.006804198,0.01688615,0
C391R,391,C,R,0.006800626,0.016874415,0
G339E,339,G,E,0.006795374,0.016857162,0
C391S,391,C,S,0.006790948,0.016842621,0
N334S,334,N,S,0.006785286,0.016824021,0
A522S,522,A,S,0.00678396,0.016819665,0
Y421M,421,Y,M,0.006783724,0.01681889,0
I332V,332,I,V,0.006781622,0.016811984,0
F392M,392,F,M,0.006779136,0.016803817,0
P527S,527,P,S,0.006777418,0.016798173,0
E516K,516,E,K,0.006775184,0.016790834,0
D427H,427,D,H,0.006771658,0.016779251,0
G339T,339,G,T,0.00676746,0.01676546,0
L335P,335,L,P,0.00676398,0.016754027,0
T376M,376,T,M,0.006763294,0.016751774,0
L518F,518,L,F,0.006761944,0.016747339,0
P479I,479,P,I,0.006760692,0.016743226,0
L335C,335,L,C,0.006759686,0.016739921,0
T376C,376,T,C,0.006755566,0.016726386,0
K529L,529,K,L,0.006755238,0.016725309,0
I358W,358,I,W,0.006753674,0.016720171,0
S469Q,469,S,Q,0.006751646,0.016713508,0
D389E,389,D,E,0.006749178,0.016705401,0
Y396L,396,Y,L,0.006748706,0.01670385,0
G413F,413,G,F,0.006746482,0.016696544,0
K529Q,529,K,Q,0.006741384,0.016679796,0
T500A,500,T,A,0.00673322,0.016652976,0
L335V,335,L,V,0.00673292,0.016651991,0
N388L,388,N,L,0.006732308,0.01664998,0
G482C,482,G,C,0.006723504,0.016621058,0
T415E,415,T,E,0.006720012,0.016609586,0
I332S,332,I,S,0.006719902,0.016609224,0
R408K,408,R,K,0.006718928,0.016606025,0
P527K,527,P,K,0.006718172,0.016603541,0
L335S,335,L,S,0.006717526,0.016601419,0
S514L,514,S,L,0.006716376,0.016597641,0
S366K,366,S,K,0.006712358,0.016584441,0
A372D,372,A,D,0.006711348,0.016581123,0
L368V,368,L,V,0.00670843,0.016571537,0
I332L,332,I,L,0.006707762,0.016569343,0
S459V,459,S,V,0.006707322,0.016567897,0
I434W,434,I,W,0.00669999,0.016543811,0
G476A,476,G,A,0.006696494,0.016532326,0
R357T,357,R,T,0.006695266,0.016528291,0
T430F,430,T,F,0.006693956,0.016523988,0
S359E,359,S,E,0.006690318,0.016512037,0
G482Q,482,G,Q,0.006687482,0.01650272,0
L390Q,390,L,Q,0.00668675,0.016500315,0
P527Q,527,P,Q,0.006685475,0.016496128,0
V367C,367,V,C,0.006680144,0.016478613,0
N334T,334,N,T,0.006678856,0.016474382,0
S375K,375,S,K,0.006675134,0.016462155,0
G339M,339,G,M,0.006669624,0.016444054,0
S383M,383,S,M,0.006667856,0.016438245,0
P521R,521,P,R,0.006663348,0.016423435,0
L335K,335,L,K,0.006661399,0.016417033,0
V367P,367,V,P,0.006657172,0.016403147,0
N334D,334,N,D,0.006656195,0.016399936,0
E471T,471,E,T,0.006653892,0.016392372,0
S371R,371,S,R,0.006650784,0.016382161,0
Y505W,505,Y,W,0.006641746,0.016352471,0
T376L,376,T,L,0.006639611,0.016345456,0
R357I,357,R,I,0.006639152,0.016343948,0
S375T,375,S,T,0.006635282,0.016331235,0
L441I,441,L,I,0.00663288,0.016323344,0
S459C,459,S,C,0.006632816,0.016323134,0
S459G,459,S,G,0.006629726,0.016312983,0
S366Q,366,S,Q,0.00662901,0.01631063,0
G339H,339,G,H,0.00662694,0.01630383,0
G482H,482,G,H,0.006623284,0.01629182,0
K458D,458,K,D,0.006620036,0.016281149,0
N370L,370,N,L,0.006619814,0.01628042,0
S477T,477,S,T,0.00661646,0.016269402,0
P527H,527,P,H,0.006615164,0.016265144,0
K529W,529,K,W,0.006602482,0.016223482,0
L387M,387,L,M,0.006602332,0.016222989,0
S371D,371,S,D,0.006601898,0.016221563,0
N481L,481,N,L,0.006599226,0.016212785,0
S530V,530,S,V,0.006597792,0.016208074,0
P463A,463,P,A,0.006597608,0.01620747,0
D427W,427,D,W,0.006596016,0.01620224,0
T478G,478,T,G,0.006594298,0.016196596,0
T478W,478,T,W,0.00659107,0.016185992,0
A411Q,411,A,Q,0.0065881,0.016176235,0
N354R,354,N,R,0.006588046,0.016176057,0
L517R,517,L,R,0.006586217,0.016170049,0
K529F,529,K,F,0.006586082,0.016169605,0
T430C,430,T,C,0.006584556,0.016164592,0
T393M,393,T,M,0.006584252,0.016163593,0
N394H,394,N,H,0.006582926,0.016159237,0
S530M,530,S,M,0.006576806,0.016139132,0
T393R,393,T,R,0.006575398,0.016134507,0
A344Q,344,A,Q,0.006574472,0.016131465,0
V503H,503,V,H,0.006569706,0.016115808,0
L461V,461,L,V,0.00656921,0.016114178,0
S366G,366,S,G,0.00656902,0.016113554,0
N481A,481,N,A,0.006568256,0.016111044,0
N481G,481,N,G,0.006566656,0.016105788,0
N394S,394,N,S,0.006564396,0.016098365,0
I332M,332,I,M,0.006562894,0.016093429,0
A522H,522,A,H,0.006561628,0.01608927,0
T393S,393,T,S,0.00655723,0.016074822,0
N394D,394,N,D,0.006556862,0.016073613,0
R357L,357,R,L,0.006555824,0.016070203,0
D427A,427,D,A,0.00655419,0.016064835,0
K528H,528,K,H,0.006552834,0.016060381,0
C525L,525,C,L,0.006552096,0.016057956,0
Y396H,396,Y,H,0.006547462,0.016042733,0
L368M,368,L,M,0.006546434,0.016039356,0
N370H,370,N,H,0.006543882,0.016030972,0
A352M,352,A,M,0.006542083,0.016025063,0
P337A,337,P,A,0.006539676,0.016017154,0
T385L,385,T,L,0.006532515,0.015993628,0
K356M,356,K,M,0.006531206,0.015989329,0
L517V,517,L,V,0.006530758,0.015987857,0
Q474K,474,Q,K,0.006530568,0.015987233,0
A411E,411,A,E,0.006527034,0.015975624,0
L335T,335,L,T,0.00652177,0.015958331,0
L335Q,335,L,Q,0.006514656,0.01593496,0
R357S,357,R,S,0.00651452,0.015934513,0
K462T,462,K,T,0.006512232,0.015926995,0
A520Y,520,A,Y,0.006508834,0.015915834,0
T345E,345,T,E,0.00650766,0.015911977,0
S373H,373,S,H,0.006502718,0.015895742,0
L335N,335,L,N,0.006500004,0.015886826,0
G339S,339,G,S,0.006495072,0.015870624,0
P521T,521,P,T,0.00648654,0.015842595,0
S469A,469,S,A,0.006485172,0.0158381,0
S359C,359,S,C,0.006482666,0.015829868,0
N370T,370,N,T,0.006482396,0.015828981,0
T470S,470,T,S,0.006479325,0.015818892,0
N334L,334,N,L,0.00647924,0.015818613,0
P527G,527,P,G,0.006475462,0.015806202,0
Q414M,414,Q,M,0.00647157,0.015793416,0
S477A,477,S,A,0.006470468,0.015789796,0
D427V,427,D,V,0.006468268,0.015782568,0
S373A,373,S,A,0.006467732,0.015780807,0
T430K,430,T,K,0.00646749,0.015780012,0
S373T,373,S,T,0.006464454,0.015770039,0
N481M,481,N,M,0.006457827,0.015748267,0
A363S,363,A,S,0.006454972,0.015738889,0
L513I,513,L,I,0.006454656,0.015737851,0
D389H,389,D,H,0.006450402,0.015723876,0
N354K,354,N,K,0.006447608,0.015714697,0
D389C,389,D,C,0.006443748,0.015702016,0
T385P,385,T,P,0.00643701,0.015679881,0
D427S,427,D,S,0.006434806,0.01567264,0
F338M,338,F,M,0.006432854,0.015666228,0
T531H,531,T,H,0.006432794,0.015666031,0
Q414T,414,Q,T,0.006431988,0.015663383,0
N354H,354,N,H,0.00643103,0.015660236,0
L390K,390,L,K,0.006430252,0.01565768,0
P337M,337,P,M,0.00642938,0.015654815,0
G339N,339,G,N,0.006428372,0.015651504,0
T531A,531,T,A,0.00642626,0.015644566,0
T415R,415,T,R,0.006423858,0.015636673,0
D427M,427,D,M,0.006421692,0.015629559,0
Q474D,474,Q,D,0.006417566,0.015616004,0
K462A,462,K,A,0.006416192,0.015611491,0
S469T,469,S,T,0.006415878,0.015610459,0
C391W,391,C,W,0.006413768,0.015603527,0
Q474P,474,Q,P,0.00641281,0.01560038,0
L335A,335,L,A,0.006410304,0.015592148,0
A352R,352,A,R,0.0064055,0.015576366,0
E471G,471,E,G,0.006401194,0.01556222,0
K458E,458,K,E,0.00640045,0.015559776,0
C525I,525,C,I,0.006395186,0.015542483,0
T430H,430,T,H,0.006394767,0.015541106,0
S530G,530,S,G,0.006389968,0.015525341,0
C391Y,391,C,Y,0.00638808,0.015519138,0
Q414S,414,Q,S,0.006380764,0.015495104,0
E340N,340,E,N,0.00637843,0.015487437,0
T415A,415,T,A,0.006378276,0.015486931,0
P479Q,479,P,Q,0.006373192,0.015470229,0
S514G,514,S,G,0.006367078,0.015450144,0
S375H,375,S,H,0.006366566,0.015448462,0
L335H,335,L,H,0.006360506,0.015428554,0
A522K,522,A,K,0.006359264,0.015424473,0
V382I,382,V,I,0.006359032,0.015423711,0
P337R,337,P,R,0.006357346,0.015418173,0
S359G,359,S,G,0.006353416,0.015405262,0
N394K,394,N,K,0.006352678,0.015402837,0
N334A,334,N,A,0.006348498,0.015389105,0
P527M,527,P,M,0.006348134,0.01538791,0
N388Q,388,N,Q,0.006343782,0.015373613,0
P527V,527,P,V,0.006339424,0.015359296,0
E516R,516,E,R,0.006338944,0.015357719,0
S459A,459,S,A,0.006331673,0.015333833,0
P479R,479,P,R,0.006329036,0.01532517,0
P479M,479,P,M,0.00632366,0.015307509,0
K529I,529,K,I,0.006322222,0.015302785,0
S530I,530,S,I,0.006318752,0.015291385,0
Q474E,474,Q,E,0.006317494,0.015287253,0
D427R,427,D,R,0.006315392,0.015280347,0
P527Y,527,P,Y,0.006310254,0.015263468,0
S469G,469,S,G,0.006309992,0.015262607,0
N481E,481,N,E,0.006306418,0.015250866,0
D428T,428,D,T,0.006297236,0.015220702,0
S438T,438,S,T,0.006295626,0.015215413,0
P527C,527,P,C,0.006293744,0.01520923,0
S469D,469,S,D,0.006290542,0.015198711,0
C391G,391,C,G,0.006283276,0.015174841,0
I468A,468,I,A,0.006282888,0.015173567,0
I332R,332,I,R,0.006282528,0.015172384,0
Q474G,474,Q,G,0.006281018,0.015167423,0
T531C,531,T,C,0.006279524,0.015162515,0
A522M,522,A,M,0.006273988,0.015144329,0
Y451Q,451,Y,Q,0.006273956,0.015144224,0
S459R,459,S,R,0.006273408,0.015142423,0
Q474S,474,Q,S,0.006270244,0.015132029,0
G339W,339,G,W,0.006269642,0.015130051,0
A522I,522,A,I,0.006268276,0.015125563,0
N370R,370,N,R,0.0062643,0.015112502,0
L390C,390,L,C,0.006261886,0.015104572,0
K458N,458,K,N,0.006261002,0.015101668,0
S514R,514,S,R,0.00626068,0.01510061,0
N481K,481,N,K,0.00625944,0.015096536,0
I468V,468,I,V,0.006250044,0.015065669,0
S366H,366,S,H,0.006249094,0.015062547,0
C391P,391,C,P,0.0062484,0.015060268,0
L335I,335,L,I,0.006246206,0.015053061,0
V362K,362,V,K,0.006244328,0.015046891,0
N394G,394,N,G,0.006243098,0.01504285,0
K356A,356,K,A,0.006241094,0.015036267,0
T478P,478,T,P,0.00623913,0.015029815,0
S383R,383,S,R,0.006237048,0.015022975,0
I402V,402,I,V,0.006236664,0.015021714,0
P479T,479,P,T,0.006232354,0.015007555,0
T500S,500,T,S,0.006230814,0.015002496,0
F464M,464,F,M,0.006230502,0.015001471,0
F374W,374,F,W,0.006229226,0.014997279,0
D427N,427,D,N,0.006223962,0.014979986,0
K462M,462,K,M,0.006221302,0.014971247,0
N394E,394,N,E,0.006219096,0.014963999,0
G526R,526,G,R,0.006211744,0.014939848,0
F464H,464,F,H,0.006210038,0.014934243,0
K458T,458,K,T,0.006209466,0.014932364,0
K386Y,386,K,Y,0.006209122,0.014931234,0
V483I,483,V,I,0.006204362,0.014915597,0
T385I,385,T,I,0.006203254,0.014911957,0
S469N,469,S,N,0.006190416,0.014869782,0
T500L,500,T,L,0.006190266,0.014869289,0
I332F,332,I,F,0.006189588,0.014867062,0
F429W,429,F,W,0.006189552,0.014866944,0
A348G,348,A,G,0.006186138,0.014855728,0
D427I,427,D,I,0.00618457,0.014850577,0
P479D,479,P,D,0.006182458,0.01484364,0
P337H,337,P,H,0.006176356,0.014823593,0
P521S,521,P,S,0.00617178,0.01480856,0
G413S,413,G,S,0.006171662,0.014808172,0
N481Q,481,N,Q,0.00616991,0.014802417,0
Y396F,396,Y,F,0.00616975,0.014801891,0
A344N,344,A,N,0.006158868,0.014766142,0
K424R,424,K,R,0.006149086,0.014734007,0
P479N,479,P,N,0.00614194,0.014710531,0
T430A,430,T,A,0.006135676,0.014689953,0
Y451M,451,Y,M,0.00613325,0.014681983,0
K458S,458,K,S,0.00612842,0.014666116,0
N370A,370,N,A,0.006127236,0.014662226,0
V503I,503,V,I,0.006126554,0.014659985,0
S375Q,375,S,Q,0.006124286,0.014652535,0
D428P,428,D,P,0.006124174,0.014652167,0
K462D,462,K,D,0.006122326,0.014646096,0
K528C,528,K,C,0.0061217,0.014644039,0
N394Q,394,N,Q,0.006120346,0.014639591,0
E516N,516,E,N,0.006113945,0.014618562,0
A344K,344,A,K,0.006113768,0.014617982,0
T478S,478,T,S,0.006111896,0.014611832,0
E340Q,340,E,Q,0.00610136,0.014577219,0
G339I,339,G,I,0.006098994,0.014569447,0
T478C,478,T,C,0.00609897,0.014569368,0
S477R,477,S,R,0.006098328,0.014567259,0
I332T,332,I,T,0.006097404,0.014564223,0
N394M,394,N,M,0.006090436,0.014541332,0
K458V,458,K,V,0.006079496,0.014505393,0
S371M,371,S,M,0.00607861,0.014502482,0
Q474V,474,Q,V,0.006075762,0.014493126,0
V503N,503,V,N,0.006073298,0.014485031,0
A435S,435,A,S,0.006072908,0.01448375,0
N388S,388,N,S,0.006071348,0.014478625,0
D389Q,389,D,Q,0.006066414,0.014462416,0
Y508F,508,Y,F,0.006065984,0.014461004,0
E465G,465,E,G,0.006063236,0.014451976,0
L441W,441,L,W,0.006061644,0.014446748,0
S477G,477,S,G,0.00605959,0.014439998,0
E340D,340,E,D,0.006059236,0.014438836,0
S359Q,359,S,Q,0.00605581,0.014427581,0
D427G,427,D,G,0.006055742,0.014427357,0
K529H,529,K,H,0.006054228,0.014422385,0
G339F,339,G,F,0.006048716,0.014404276,0
A344R,344,A,R,0.006048066,0.01440214,0
L335M,335,L,M,0.00604707,0.014398868,0
G381K,381,G,K,0.00604693,0.014398408,0
N481D,481,N,D,0.006046666,0.014397541,0
S371G,371,S,G,0.006044366,0.014389985,0
S514W,514,S,W,0.006041904,0.014381897,0
P479A,479,P,A,0.006035996,0.014362489,0
F374Y,374,F,Y,0.006035518,0.014360918,0
K462G,462,K,G,0.006034072,0.014356168,0
V503M,503,V,M,0.006030892,0.014345721,0
D389A,389,D,A,0.006024648,0.014325209,0
T500V,500,T,V,0.006023864,0.014322633,0
G413A,413,G,A,0.006018864,0.014306207,0
E516T,516,E,T,0.006017978,0.014303298,0
D427T,427,D,T,0.006015102,0.014293849,0
T430I,430,T,I,0.00601483,0.014292955,0
E340S,340,E,S,0.00601363,0.014289013,0
F338Y,338,F,Y,0.006013248,0.014287758,0
V524I,524,V,I,0.006012832,0.014286391,0
P479V,479,P,V,0.006008116,0.014270898,0
V433I,433,V,I,0.00600776,0.014269729,0
I418V,418,I,V,0.006004064,0.014257587,0
P479S,479,P,S,0.006001238,0.014248303,0
G339Q,339,G,Q,0.006000594,0.014246188,0
T333S,333,T,S,0.00599942,0.014242331,0
G381Q,381,G,Q,0.005993992,0.014224499,0
T470A,470,T,A,0.005991866,0.014217515,0
K462H,462,K,H,0.005990996,0.014214657,0
K528W,528,K,W,0.005989786,0.014210682,0
F342I,342,F,I,0.00598873,0.014207213,0
K462L,462,K,L,0.005988174,0.014205386,0
S373C,373,S,C,0.00598584,0.014197718,0
E516P,516,E,P,0.00598358,0.014190294,0
A522L,522,A,L,0.005981142,0.014182285,0
N360K,360,N,K,0.005977341,0.014169799,0
S373W,373,S,W,0.005974954,0.014161956,0
L390I,390,L,I,0.005971342,0.01415009,0
R357M,357,R,M,0.005970452,0.014147166,0
K458G,458,K,G,0.005967282,0.014136753,0
S373Y,373,S,Y,0.00596061,0.014114834,0
S371T,371,S,T,0.005957194,0.014103612,0
E471S,471,E,S,0.00594947,0.014078237,0
S371L,371,S,L,0.005947092,0.014070425,0
E471Q,471,E,Q,0.005945124,0.014063961,0
K356H,356,K,H,0.005944722,0.014062639,0
T430M,430,T,M,0.005941982,0.014053638,0
I332H,332,I,H,0.00593736,0.014038454,0
G339R,339,G,R,0.005929774,0.014013533,0
G526W,526,G,W,0.005928548,0.014009505,0
P479H,479,P,H,0.00592462,0.013996601,0
A372W,372,A,W,0.005917262,0.013972429,0
G339P,339,G,P,0.005917128,0.013971989,0
G339K,339,G,K,0.005916526,0.013970011,0
V503K,503,V,K,0.005913804,0.01396107,0
N481Y,481,N,Y,0.00591292,0.013958165,0
C525A,525,C,A,0.005911792,0.01395446,0
S477I,477,S,I,0.005911022,0.01395193,0
S375D,375,S,D,0.005910204,0.013949243,0
L335R,335,L,R,0.005909917,0.0139483,0
T376V,376,T,V,0.005909624,0.013947337,0
N394Y,394,N,Y,0.005908952,0.01394513,0
N394T,394,N,T,0.005907249,0.013939534,0
R357W,357,R,W,0.005905776,0.013934696,0
Q474R,474,Q,R,0.005905438,0.013933586,0
A520V,520,A,V,0.005903196,0.01392622,0
A348Y,348,A,Y,0.005902682,0.013924532,0
P337K,337,P,K,0.00590259,0.013924229,0
H519V,519,H,V,0.005900916,0.01391873,0
T430L,430,T,L,0.005899492,0.013914052,0
S514A,514,S,A,0.005898924,0.013912186,0
Q498S,498,Q,S,0.005893633,0.013894804,0
H519Y,519,H,Y,0.005886922,0.013872758,0
S371H,371,S,H,0.005885618,0.013868474,0
N481R,481,N,R,0.005885032,0.013866549,0
K356L,356,K,L,0.00588197,0.01385649,0
S359Y,359,S,Y,0.005881092,0.013853605,0
A522R,522,A,R,0.005877868,0.013843014,0
I434V,434,I,V,0.00587384,0.013829781,0
E471F,471,E,F,0.00587356,0.013828861,0
K356N,356,K,N,0.00587302,0.013827087,0
D428S,428,D,S,0.005863024,0.013794249,0
A352K,352,A,K,0.005860432,0.013785734,0
I410V,410,I,V,0.005858762,0.013780248,0
P479F,479,P,F,0.005858284,0.013778677,0
V483L,483,V,L,0.005850484,0.013753053,0
T393H,393,T,H,0.005848678,0.01374712,0
S371W,371,S,W,0.005848048,0.013745051,0
V503Q,503,V,Q,0.005845042,0.013735175,0
T415Q,415,T,Q,0.005844208,0.013732436,0
S373F,373,S,F,0.005841713,0.01372424,0
E340A,340,E,A,0.00583814,0.013712501,0
E471A,471,E,A,0.00583757,0.013710629,0
K458R,458,K,R,0.005834856,0.013701713,0
L425I,425,L,I,0.005831894,0.013691982,0
G482F,482,G,F,0.005829126,0.013682889,0
N388K,388,N,K,0.005824098,0.013666371,0
N394R,394,N,R,0.005822492,0.013661095,0
E340L,340,E,L,0.005819524,0.013651345,0
A363F,363,A,F,0.005815978,0.013639696,0
N334Y,334,N,Y,0.005813,0.013629913,0
I468R,468,I,R,0.00581257,0.0136285,0
S359K,359,S,K,0.005810468,0.013621595,0
L335W,335,L,W,0.005810188,0.013620675,0
V503W,503,V,W,0.00580406,0.013600543,0
D389G,389,D,G,0.005801408,0.013591831,0
E340M,340,E,M,0.005799002,0.013583927,0
D428Q,428,D,Q,0.005796912,0.013577061,0
D428H,428,D,H,0.00579328,0.013565129,0
N334R,334,N,R,0.005792304,0.013561924,0
N388H,388,N,H,0.005779772,0.013520753,0
S530H,530,S,H,0.005779343,0.013519343,0
V503L,503,V,L,0.005777356,0.013512816,0
E516H,516,E,H,0.005773066,0.013498723,0
L441F,441,L,F,0.005772762,0.013497725,0
T478M,478,T,M,0.005767984,0.013482028,0
S371Q,371,S,Q,0.005759488,0.013454117,0
L335Y,335,L,Y,0.005755692,0.013441647,0
G339Y,339,G,Y,0.00575503,0.013439473,0
T345S,345,T,S,0.005753508,0.013434472,0
S477H,477,S,H,0.005752501,0.013431163,0
A348K,348,A,K,0.0057476,0.013415064,0
T478K,478,T,K,0.005742956,0.013399806,0
S469E,469,S,E,0.005741468,0.013394919,0
G381S,381,G,S,0.00573775,0.013382705,0
T478V,478,T,V,0.00573758,0.013382146,0
N334H,334,N,H,0.00573593,0.013376726,0
T470H,470,T,H,0.005726688,0.013346364,0
A522G,522,A,G,0.0057168,0.013313881,0
S371K,371,S,K,0.005715754,0.013310445,0
P479L,479,P,L,0.00571554,0.013309742,0
T345D,345,T,D,0.005715302,0.01330896,0
N354S,354,N,S,0.005713406,0.013302731,0
A352S,352,A,S,0.00571224,0.013298901,0
T531P,531,T,P,0.005711951,0.013297952,0
A363T,363,A,T,0.005706824,0.013281108,0
S373I,373,S,I,0.005700142,0.013259157,0
F515L,515,F,L,0.005695346,0.013243401,0
D428E,428,D,E,0.005693994,0.01323896,0
N334V,334,N,V,0.005689544,0.013224341,0
V483F,483,V,F,0.005687344,0.013217113,0
T376S,376,T,S,0.005685874,0.013212284,0
L335F,335,L,F,0.005684904,0.013209098,0
S371Y,371,S,Y,0.005684817,0.013208812,0
N388A,388,N,A,0.005680484,0.013194577,0
L368I,368,L,I,0.00567573,0.01317896,0
S438A,438,S,A,0.005673124,0.013170398,0
L518W,518,L,W,0.005671668,0.013165615,0
V395L,395,V,L,0.005669415,0.013158215,0
S371F,371,S,F,0.005667095,0.013150592,0
I434L,434,I,L,0.005664452,0.01314191,0
Q474T,474,Q,T,0.005639924,0.013061331,0
G339V,339,G,V,0.00563875,0.013057475,0
T430S,430,T,S,0.005636342,0.013049564,0
A372M,372,A,M,0.005630162,0.013029262,0
T531K,531,T,K,0.005629696,0.013027731,0
L441R,441,L,R,0.005623074,0.013005977,0
S477C,477,S,C,0.005619516,0.012994288,0
H519F,519,H,F,0.005619026,0.012992678,0
I332W,332,I,W,0.005614756,0.012978651,0
P479Y,479,P,Y,0.005614246,0.012976975,0
D389T,389,D,T,0.005609458,0.012961246,0
E516S,516,E,S,0.0056035,0.012941673,0
S375G,375,S,G,0.005601868,0.012936312,0
S371A,371,S,A,0.005600676,0.012932396,0
K458Q,458,K,Q,0.005598122,0.012924005,0
N388T,388,N,T,0.005596016,0.012917087,0
V512I,512,V,I,0.005595016,0.012913802,0
A435T,435,A,T,0.005594328,0.012911542,0
D428R,428,D,R,0.00559428,0.012911384,0
S459L,459,S,L,0.005591446,0.012902074,0
S371C,371,S,C,0.005581236,0.012868532,0
T470I,470,T,I,0.005578036,0.01285802,0
S477F,477,S,F,0.005577552,0.01285643,0
Q414C,414,Q,C,0.005574268,0.012845642,0
N370Y,370,N,Y,0.005572628,0.012840254,0
E471H,471,E,H,0.005572162,0.012838723,0
T478H,478,T,H,0.005571382,0.01283616,0
A344S,344,A,S,0.005570686,0.012833874,0
K462F,462,K,F,0.005567132,0.012822199,0
A372H,372,A,H,0.005558794,0.012794807,0
F464W,464,F,W,0.005552138,0.012772941,0
L425V,425,L,V,0.005548352,0.012760503,0
S530Y,530,S,Y,0.005548166,0.012759892,0
S530K,530,S,K,0.005545004,0.012749505,0
G381H,381,G,H,0.005544198,0.012746857,0
T531F,531,T,F,0.005543508,0.01274459,0
S477P,477,S,P,0.005526472,0.012688624,0
N388V,388,N,V,0.005526144,0.012687547,0
K462V,462,K,V,0.005525612,0.012685799,0
E471K,471,E,K,0.005524986,0.012683742,0
T415M,415,T,M,0.005521828,0.012673368,0
T478N,478,T,N,0.005514608,0.012649649,0
V503D,503,V,D,0.005514126,0.012648066,0
N388R,388,N,R,0.005503842,0.012614281,0
S469R,469,S,R,0.00550329,0.012612468,0
Q414I,414,Q,I,0.005498551,0.012596898,0
G413C,413,G,C,0.005498325,0.012596158,0
E471N,471,E,N,0.005496082,0.01258879,0
P527F,527,P,F,0.005493888,0.012581581,0
T500I,500,T,I,0.005493748,0.012581121,0
P479C,479,P,C,0.005493052,0.012578835,0
N481C,481,N,C,0.005488376,0.012563473,0
T478R,478,T,R,0.005482198,0.012543177,0
E340T,340,E,T,0.005471538,0.012508158,0
A520H,520,A,H,0.005470642,0.012505214,0
A352Y,352,A,Y,0.005466288,0.012490911,0
P479G,479,P,G,0.005463108,0.012480464,0
N334C,334,N,C,0.005459384,0.01246823,0
N481H,481,N,H,0.005456834,0.012459853,0
V503Y,503,V,Y,0.005454936,0.012453617,0
N481F,481,N,F,0.005453648,0.012449386,0
S469K,469,S,K,0.005446761,0.012426761,0
S477M,477,S,M,0.005444385,0.012418955,0
V503R,503,V,R,0.00542647,0.012360102,0
H519L,519,H,L,0.00541422,0.012319861,0
T478I,478,T,I,0.005410532,0.012307743,0
N388M,388,N,M,0.00540985,0.012305503,0
L390W,390,L,W,0.00540546,0.012291082,0
V503F,503,V,F,0.005401198,0.01227708,0
D427Y,427,D,Y,0.005398636,0.012268663,0
Q474H,474,Q,H,0.00539662,0.012262042,0
S373V,373,S,V,0.005391236,0.012244353,0
T531Y,531,T,Y,0.005390149,0.012240784,0
V503G,503,V,G,0.00538257,0.012215884,0
Q474A,474,Q,A,0.005377736,0.012200004,0
D428G,428,D,G,0.005374649,0.012189862,0
T345P,345,T,P,0.0053722,0.012181816,0
T470L,470,T,L,0.005368842,0.012170786,0
H519R,519,H,R,0.005364108,0.012155234,0
A372V,372,A,V,0.005363974,0.012154793,0
A419S,419,A,S,0.00536258,0.012150214,0
D428A,428,D,A,0.005355264,0.01212618,0
S459F,459,S,F,0.005352546,0.012117251,0
T385V,385,T,V,0.005351166,0.012112717,0
K356Y,356,K,Y,0.005342334,0.012083703,0
A348H,348,A,H,0.005332366,0.012050956,0
T470V,470,T,V,0.005330724,0.012045562,0
K458L,458,K,L,0.005326394,0.012031337,0
L518A,518,L,A,0.005323132,0.01202062,0
T531I,531,T,I,0.005319074,0.01200729,0
A411G,411,A,G,0.005318776,0.012006311,0
K529R,529,K,R,0.005290752,0.011914248,0
T478L,478,T,L,0.005287106,0.01190227,0
S530L,530,S,L,0.005282648,0.011887625,0
D389S,389,D,S,0.005281172,0.011882776,0
T430W,430,T,W,0.005269854,0.011845595,0
T415I,415,T,I,0.005268786,0.011842086,0
C525F,525,C,F,0.005263488,0.011824681,0
S366R,366,S,R,0.005259952,0.011813065,0
A411R,411,A,R,0.005259864,0.011812776,0
T531V,531,T,V,0.005247712,0.011772855,0
E340P,340,E,P,0.005244705,0.011762975,0
S459Y,459,S,Y,0.00523974,0.011746666,0
T478Y,478,T,Y,0.005239058,0.011744425,0
N394F,394,N,F,0.005237434,0.01173909,0
N370M,370,N,M,0.00522427,0.011695844,0
E471R,471,E,R,0.00522157,0.011686974,0
E471M,471,E,M,0.005220294,0.011682783,0
L425M,425,L,M,0.005218568,0.011677112,0
T531M,531,T,M,0.005215085,0.01166567,0
S371E,371,S,E,0.005189588,0.011581909,0
T470M,470,T,M,0.005174548,0.0115325,0
A372I,372,A,I,0.005174224,0.011531436,0
V503C,503,V,C,0.00516637,0.011505634,0
D427F,427,D,F,0.005163714,0.011496909,0
S459M,459,S,M,0.005144998,0.011435424,0
E471V,471,E,V,0.005134443,0.011400749,0
K386R,386,K,R,0.00512041,0.011354647,0
A352H,352,A,H,0.005112388,0.011328295,0
P521H,521,P,H,0.005108028,0.011313971,0
D389Y,389,D,Y,0.005104512,0.011302421,0
D405A,405,D,A,0.005104296,0.011301711,0
Q414R,414,Q,R,0.005080464,0.01122342,0
S530F,530,S,F,0.005059029,0.011153002,0
K458F,458,K,F,0.00505837,0.011150837,0
D389L,389,D,L,0.005057904,0.011149307,0
A372F,372,A,F,0.00505596,0.01114292,0
S375N,375,S,N,0.00503786,0.011083459,0
K458A,458,K,A,0.00503041,0.011058985,0
S359R,359,S,R,0.005019137,0.01102195,0
S514N,514,S,N,0.005016874,0.011014517,0
I434M,434,I,M,0.00501433,0.011006158,0
T415K,415,T,K,0.005009342,0.010989774,0
E340K,340,E,K,0.005005296,0.010976481,0
E471Y,471,E,Y,0.0050048,0.010974852,0
T478F,478,T,F,0.005001966,0.010965542,0
T415Y,415,T,Y,0.00500161,0.010964372,0
A520R,520,A,R,0.004989928,0.010925995,0
D389M,389,D,M,0.004979186,0.010890706,0
S371V,371,S,V,0.00497777,0.010886054,0
K458W,458,K,W,0.004976756,0.010882723,0
S530W,530,S,W,0.004963574,0.010839418,0
K424H,424,K,H,0.004953852,0.01080748,0
T531L,531,T,L,0.004945426,0.010779799,0
V510I,510,V,I,0.00494435,0.010776264,0
A372L,372,A,L,0.004943658,0.010773991,0
K458Y,458,K,Y,0.004941118,0.010765647,0
L461M,461,L,M,0.004931642,0.010734517,0
N354G,354,N,G,0.004927772,0.010721803,0
K458M,458,K,M,0.004848884,0.010462644,0
P521C,521,P,C,0.004848168,0.01046029,0
T531R,531,T,R,0.004837748,0.01042606,0
S371I,371,S,I,0.004829266,0.010398196,0
N331H,331,N,H,0.004812646,0.010343596,0
T531W,531,T,W,0.004802224,0.010309359,0
D389K,389,D,K,0.004801932,0.010308399,0
E471L,471,E,L,0.004801756,0.010307821,0
D389R,389,D,R,0.004765602,0.01018905,0
A363M,363,A,M,0.004748342,0.010132348,0
D389W,389,D,W,0.004707332,0.009997624,0
S477Y,477,S,Y,0.004698755,0.009969447,0
D405F,405,D,F,0.0046977,0.009965981,0
S459I,459,S,I,0.00468846,0.009935626,0
N331A,331,N,A,0.004685108,0.009924615,0
T470Y,470,T,Y,0.0046785,0.009902906,0
T333E,333,T,E,0.004666096,0.009862157,0
N331D,331,N,D,0.004661402,0.009846737,0
N334P,334,N,P,0.004637226,0.009767315,0
E471I,471,E,I,0.004606461,0.009666246,0
A352N,352,A,N,0.004562552,0.009521999,0
A411S,411,A,S,0.004542,0.009454483,0
T333C,333,T,C,0.004491048,0.009287098,0
L513M,513,L,M,0.004451534,0.009157288,0
N331E,331,N,E,0.004447374,0.009143622,0
S530R,530,S,R,0.004438742,0.009115265,0
S477W,477,S,W,0.00430288,0.008668937,0
D389F,389,D,F,0.004290214,0.008627327,0
T345A,345,T,A,0.004278288,0.008588149,0
A372N,372,A,N,0.004275196,0.008577991,0
T333K,333,T,K,0.004270196,0.008561565,0
N331F,331,N,F,0.00426744,0.008552511,0
A522W,522,A,W,0.004255011,0.00851168,0
A363Y,363,A,Y,0.004244614,0.008477524,0
T333H,333,T,H,0.004232814,0.008438761,0
N331P,331,N,P,0.00422596,0.008416243,0
T333D,333,T,D,0.004216918,0.008386539,0
A372Y,372,A,Y,0.004181679,0.008270775,0
T470F,470,T,F,0.004169058,0.008229311,0
Q474M,474,Q,M,0.004140895,0.008136793,0
I332P,332,I,P,0.004105914,0.008021874,0
T333Q,333,T,Q,0.004074128,0.007917452,0
N331G,331,N,G,0.004028321,0.007766968,0
T333M,333,T,M,0.00395787,0.007535526,0
N331R,331,N,R,0.003954844,0.007525584,0
N331Q,331,N,Q,0.003935742,0.007462833,0
N331M,331,N,M,0.003925668,0.007429738,0
C525R,525,C,R,0.003920227,0.007411864,0
N331S,331,N,S,0.00387897,0.007276328,0
T333Y,333,T,Y,0.003873592,0.00725866,0
N331T,331,N,T,0.003860362,0.007215198,0
T333N,333,T,N,0.003810048,0.007049909,0
N331L,331,N,L,0.003796381,0.00700501,0
T333W,333,T,W,0.00375014,0.006853102,0
N331K,331,N,K,0.003702046,0.006695107,0
P521F,521,P,F,0.003664994,0.006573384,0
N331V,331,N,V,0.003631406,0.006463042,0
T333L,333,T,L,0.003623904,0.006438398,0
T333G,333,T,G,0.003618453,0.006420488,0
T333A,333,T,A,0.003529972,0.006129817,0
T333R,333,T,R,0.003492662,0.006007247,0
T333P,333,T,P,0.00348994,0.005998305,0
T333V,333,T,V,0.00332188,0.005446202,0
T333F,333,T,F,0.003256137,0.005230227,0
N331I,331,N,I,0.0031697,0.004946267,0
D405L,405,D,L,0.00312983,0.004815288,0
S359M,359,S,M,0.0024096,0.002449222,0
C525T,525,C,T,0.00206136,0.001305201,0
P527W,527,P,W,0.001664057,0,0
