variant,activity,activity_scaled,activity_binary
A2C,0.8935,0.833883388,0
A2D,1.0375,0.939493949,1
A2E,1.013,0.921525486,1
A2F,1.0605,0.956362303,1
A2G,0.717,0.70443711,0
A2H,1.0095,0.918958563,1
A2I,1.057333333,0.954039848,1
A2K,1.0695,0.962962963,1
A2L,1.022666667,0.928615084,1
A2M,1.035,0.937660433,1
A2N,1.0545,0.951961863,1
A2P,0.967,0.887788779,0
A2Q,1.0185,0.925559223,1
A2R,0.981166667,0.898178707,1
A2S,1.009166667,0.918714094,1
A2T,1.01075,0.919875321,1
A2V,1.03275,0.936010268,1
A2W,0.833,0.789512285,0
A2Y,1.08,0.970663733,1
K3A,0.6885,0.68353502,0
K3C,0.8355,0.791345801,0
K3D,0.7115,0.700403374,0
K3E,0.918,0.851851852,0
K3F,0.905,0.842317565,0
K3G,0.42875,0.493032637,0
K3H,0.721,0.707370737,0
K3I,0.985333333,0.901234568,1
K3L,0.746,0.725705904,0
K3M,0.203,0.32746608,0
K3N,0.7785,0.749541621,0
K3P,0.91575,0.850201687,0
K3Q,0.981,0.898056472,1
K3R,0.7455,0.725339201,0
K3S,0.480833333,0.531230901,0
K3T,0.786,0.755042171,0
K3V,0.8045,0.768610194,0
K3W,0.064,0.225522552,0
K3Y,0.705,0.69563623,0
E4A,0.853,0.804180418,0
E4C,0.994,0.907590759,1
E4D,0.992,0.906123946,1
E4F,1.0455,0.945361203,1
E4G,0.67675,0.674917492,0
E4H,0.989,0.903923726,1
E4I,1.015666667,0.923481237,1
E4K,0.9915,0.905757242,1
E4L,0.9845,0.900623396,1
E4M,1.008,0.917858453,1
E4N,1.0115,0.920425376,1
E4P,0.893,0.833516685,0
E4Q,0.994,0.907590759,1
E4R,0.810333333,0.7728884,0
E4S,0.950833333,0.875932037,0
E4T,0.997,0.909790979,1
E4V,0.99775,0.910341034,1
E4W,0.666,0.66703337,0
E4Y,1.017,0.924459113,1
D5A,0.99075,0.905207187,1
D5C,1.0095,0.918958563,1
D5E,1.029,0.933259993,1
D5F,1.0485,0.947561423,1
D5G,0.8995,0.838283828,0
D5H,1.0125,0.921158783,1
D5I,1.049,0.947928126,1
D5K,1.0255,0.930693069,1
D5L,1.0235,0.929226256,1
D5M,1.038,0.939860653,1
D5N,1.0465,0.946094609,1
D5P,0.99025,0.904840484,1
D5Q,1.0295,0.933626696,1
D5R,0.849,0.801246791,0
D5S,1.023666667,0.929348491,1
D5T,1.024,0.929592959,1
D5V,1.0095,0.918958563,1
D5W,0.873,0.818848552,0
D5Y,1.0605,0.956362303,1
N6A,0.7175,0.704803814,0
N6C,1.0025,0.913824716,1
N6D,1.0075,0.917491749,1
N6E,0.9795,0.896956362,0
N6F,1.012,0.920792079,1
N6G,0.4595,0.515584892,0
N6H,1.007,0.917125046,1
N6I,1.011333333,0.920303141,1
N6K,1.007,0.917125046,1
N6L,1.004333333,0.915169294,1
N6M,0.976,0.894389439,0
N6P,0.98125,0.898239824,1
N6Q,1.0045,0.915291529,1
N6R,0.853166667,0.804302653,0
N6S,0.98,0.897323066,0
N6T,1.003,0.914191419,1
N6V,0.9965,0.909424276,1
N6W,0.846,0.799046571,0
N6Y,1.005,0.915658232,1
I7A,0.82275,0.781994866,0
I7C,0.987,0.902456912,1
I7D,0.9705,0.890355702,0
I7E,0.93,0.860652732,0
I7F,1.0245,0.929959663,1
I7G,0.69125,0.685551889,0
I7H,0.9835,0.899889989,1
I7K,0.9795,0.896956362,0
I7L,0.9545,0.878621195,0
I7M,0.933,0.862852952,0
I7N,0.9715,0.891089109,0
I7P,0.79275,0.759992666,0
I7Q,0.948,0.873854052,0
I7R,0.852666667,0.803935949,0
I7S,0.9325,0.862486249,0
I7T,0.882,0.825449212,0
I7V,0.8415,0.795746241,0
I7W,0.964,0.885588559,0
I7Y,0.9845,0.900623396,1
E8A,0.77325,0.745691236,0
E8C,0.8985,0.837550422,0
E8D,0.896,0.835716905,0
E8F,0.8785,0.822882288,0
E8G,0.7705,0.743674367,0
E8H,0.9105,0.846351302,0
E8I,0.908666667,0.845006723,0
E8K,0.9385,0.866886689,0
E8L,0.8875,0.829482948,0
E8M,0.903,0.840850752,0
E8N,0.9755,0.894022736,0
E8P,0.83225,0.78896223,0
E8Q,0.913,0.848184818,0
E8R,0.7945,0.761276128,0
E8S,0.879666667,0.82373793,0
E8T,0.90825,0.844701137,0
E8V,0.815,0.776310964,0
E8W,0.781,0.751375138,0
E8Y,0.9315,0.861752842,0
M9A,0.71225,0.700953429,0
M9C,0.6145,0.629262926,0
M9D,0.592,0.612761276,0
M9E,0.6205,0.633663366,0
M9F,0.604,0.621562156,0
M9G,0.63175,0.641914191,0
M9H,0.795,0.761642831,0
M9I,0.771,0.744041071,0
M9K,0.89,0.831316465,0
M9L,0.7255,0.710671067,0
M9N,0.7675,0.741474147,0
M9P,0.5405,0.574990832,0
M9Q,0.776,0.747708104,0
M9R,0.7785,0.749541621,0
M9S,0.7195,0.706270627,0
M9T,0.72225,0.708287495,0
M9V,0.649,0.654565457,0
M9W,0.666,0.66703337,0
M9Y,0.7245,0.70993766,0
Q10A,0.71325,0.701686835,0
Q10C,0.9315,0.861752842,0
Q10D,0.956,0.879721305,0
Q10E,0.9765,0.894756142,0
Q10F,0.9015,0.839750642,0
Q10G,0.95775,0.881004767,0
Q10H,0.9025,0.840484048,0
Q10I,0.959,0.881921525,0
Q10K,0.9455,0.872020535,0
Q10L,0.952,0.876787679,0
Q10M,0.934,0.863586359,0
Q10N,0.943,0.870187019,0
Q10P,0.9205,0.853685369,0
Q10R,0.921666667,0.85454101,0
Q10S,0.902666667,0.840606283,0
Q10T,0.92725,0.858635864,0
Q10V,0.95625,0.879904657,0
Q10W,0.916,0.850385039,0
Q10Y,0.9595,0.882288229,0
G11A,0.964,0.885588559,0
G11C,0.903,0.840850752,0
G11D,-0.2435,0,0
G11E,-0.0685,0.128346168,0
G11F,0.257,0.36707004,0
G11H,0.042,0.209387605,0
G11I,-0.118333333,0.091798069,0
G11K,-0.094,0.109644298,0
G11L,0.172333333,0.304974942,0
G11M,0.548,0.580491382,0
G11N,0.0085,0.184818482,0
G11P,0.024,0.196186285,0
G11Q,-0.0415,0.148148148,0
G11R,0.068166667,0.228578414,0
G11S,0.906166667,0.843173206,0
G11T,0.47575,0.52750275,0
G11V,0.647,0.653098643,0
G11W,0.032,0.202053539,0
G11Y,0.077,0.235056839,0
T12A,0.9815,0.898423176,1
T12C,0.7385,0.720205354,0
T12D,0.9625,0.884488449,0
T12E,0.9865,0.902090209,1
T12F,0.982,0.898789879,1
T12G,0.96225,0.884305097,0
T12H,0.97,0.889988999,0
T12I,0.826666667,0.784867376,0
T12K,0.9825,0.899156582,1
T12L,0.925333333,0.857230167,0
T12M,1.012,0.920792079,1
T12N,0.9835,0.899889989,1
T12P,0.68375,0.680051338,0
T12Q,0.9725,0.891822516,0
T12R,0.977833333,0.895734018,0
T12S,0.987666667,0.90294585,1
T12V,0.95625,0.879904657,0
T12W,0.997,0.909790979,1
T12Y,0.9795,0.896956362,0
V13A,0.97,0.889988999,0
V13C,0.9695,0.889622296,0
V13D,-0.002,0.177117712,0
V13E,-0.105,0.101576824,0
V13F,0.0445,0.211221122,0
V13G,0.047,0.213054639,0
V13H,-0.016,0.166850018,0
V13I,0.971666667,0.891211344,0
V13K,-0.0975,0.107077374,0
V13L,0.938666667,0.867008923,0
V13M,0.792,0.759442611,0
V13N,0.8555,0.806013935,0
V13P,0.3115,0.407040704,0
V13Q,-0.0205,0.163549688,0
V13R,-0.048666667,0.142892067,0
V13S,0.789333333,0.75748686,0
V13T,0.95475,0.878804547,0
V13W,-0.038,0.150715072,0
V13Y,-0.1105,0.097543088,0
L14A,0.95125,0.876237624,0
L14C,0.9565,0.880088009,0
L14D,0.9495,0.874954162,0
L14E,0.965,0.886321966,0
L14F,0.948,0.873854052,0
L14G,0.9595,0.882288229,0
L14H,0.977,0.895122846,0
L14I,0.973333333,0.892433688,0
L14K,0.959,0.881921525,0
L14M,0.964,0.885588559,0
L14N,0.969,0.889255592,0
L14P,0.045,0.211587825,0
L14Q,0.968,0.888522186,0
L14R,0.957333333,0.880699181,0
L14S,0.960166667,0.882777167,0
L14T,0.96,0.882654932,0
L14V,0.9555,0.879354602,0
L14W,0.973,0.892189219,0
L14Y,0.9485,0.874220755,0
E15A,0.9415,0.869086909,0
E15C,0.9605,0.883021635,0
E15D,0.9665,0.887422076,0
E15F,0.9755,0.894022736,0
E15G,0.97175,0.891272461,0
E15H,0.959,0.881921525,0
E15I,0.948666667,0.87434299,0
E15K,0.7635,0.738540521,0
E15L,0.8715,0.817748442,0
E15M,0.972,0.891455812,0
E15N,0.9625,0.884488449,0
E15P,0.30625,0.403190319,0
E15Q,0.94,0.867986799,0
E15R,0.773833333,0.746119056,0
E15S,0.962666667,0.884610684,0
E15T,0.94675,0.872937294,0
E15V,0.93775,0.866336634,0
E15W,0.919,0.852585259,0
E15Y,0.982,0.898789879,1
T16A,0.989,0.903923726,1
T16C,0.9885,0.903557022,1
T16D,0.98,0.897323066,0
T16E,0.9285,0.859552622,0
T16F,0.9375,0.866153282,0
T16G,0.982,0.898789879,1
T16H,0.9705,0.890355702,0
T16I,1.001,0.912724606,1
T16K,1.045,0.944994499,1
T16L,0.9935,0.907224056,1
T16M,1.025,0.930326366,1
T16N,1.0095,0.918958563,1
T16P,0.96725,0.887972131,0
T16Q,0.984,0.900256692,1
T16R,0.997666667,0.910279917,1
T16S,0.968333333,0.888766654,0
T16V,0.98725,0.902640264,1
T16W,0.806,0.769710304,0
T16Y,0.964,0.885588559,0
L17A,0.96775,0.888338834,0
L17C,0.9735,0.892555922,0
L17D,0.9785,0.896222956,0
L17E,0.9775,0.895489549,0
L17F,0.9705,0.890355702,0
L17G,0.967,0.887788779,0
L17H,0.9835,0.899889989,1
L17I,1.007666667,0.917613984,1
L17K,1.034,0.936927026,1
L17M,0.988,0.903190319,1
L17N,1.006,0.916391639,1
L17P,0.3895,0.464246425,0
L17Q,0.9395,0.867620095,0
L17R,0.962166667,0.88424398,0
L17S,0.989833333,0.904534898,1
L17T,0.97525,0.893839384,0
L17V,1.00475,0.915474881,1
L17W,0.955,0.878987899,0
L17Y,0.9655,0.886688669,0
P18A,0.9285,0.859552622,0
P18C,0.948,0.873854052,0
P18D,0.4855,0.534653465,0
P18E,0.528,0.565823249,0
P18F,0.984,0.900256692,1
P18G,0.8985,0.837550422,0
P18H,0.989,0.903923726,1
P18I,0.997,0.909790979,1
P18K,0.973,0.892189219,0
P18L,0.981,0.898056472,1
P18M,0.981,0.898056472,1
P18N,0.9555,0.879354602,0
P18Q,0.972,0.891455812,0
P18R,0.9165,0.850751742,0
P18S,0.959,0.881921525,0
P18T,0.97225,0.891639164,0
P18V,0.98425,0.900440044,1
P18W,0.603,0.62082875,0
P18Y,1.004,0.914924826,1
N19A,0.998,0.910524386,1
N19C,1.001,0.912724606,1
N19D,0.99,0.904657132,1
N19E,0.998,0.910524386,1
N19F,1.0025,0.913824716,1
N19G,1.006,0.916391639,1
N19H,1.0235,0.929226256,1
N19I,1.002,0.913458012,1
N19K,1.0135,0.921892189,1
N19L,0.9925,0.906490649,1
N19M,1,0.911991199,1
N19P,0.70075,0.692519252,0
N19Q,0.992,0.906123946,1
N19R,1.010666667,0.919814204,1
N19S,0.995666667,0.908813104,1
N19T,1.00275,0.914008067,1
N19V,1.007,0.917125046,1
N19W,1.002,0.913458012,1
N19Y,1.0035,0.914558122,1
T20A,0.972,0.891455812,0
T20C,0.979,0.896589659,0
T20D,0.881,0.824715805,0
T20E,0.911,0.846718005,0
T20F,0.971,0.890722406,0
T20G,0.97175,0.891272461,0
T20H,0.9695,0.889622296,0
T20I,0.974666667,0.893411564,0
T20K,0.945,0.871653832,0
T20L,0.964333333,0.885833028,0
T20M,0.968,0.888522186,0
T20N,0.9255,0.857352402,0
T20P,0.94975,0.875137514,0
T20Q,0.971,0.890722406,0
T20R,0.976166667,0.894511674,0
T20S,0.9805,0.897689769,1
T20V,1.001,0.912724606,1
T20W,0.913,0.848184818,0
T20Y,0.965,0.886321966,0
M21A,0.98625,0.901906857,1
M21C,0.995,0.908324166,1
M21D,0.949,0.874587459,0
M21E,0.9695,0.889622296,0
M21F,0.9775,0.895489549,0
M21G,0.98975,0.904473781,1
M21H,0.9985,0.910891089,1
M21I,0.986666667,0.902212444,1
M21K,1.0085,0.918225156,1
M21L,1.002333333,0.913702481,1
M21N,1.013,0.921525486,1
M21P,0.11125,0.260176018,0
M21Q,0.993,0.906857352,1
M21R,0.992333333,0.906368414,1
M21S,0.995833333,0.908935338,1
M21T,0.995,0.908324166,1
M21V,0.9205,0.853685369,0
M21W,0.995,0.908324166,1
M21Y,0.991,0.905390539,1
F22A,1.0155,0.923359003,1
F22C,0.9975,0.910157682,1
F22D,0.239,0.35386872,0
F22E,0.4255,0.490649065,0
F22G,1.01625,0.923909058,1
F22H,0.8895,0.830949762,0
F22I,0.853666667,0.804669356,0
F22K,0.8385,0.793546021,0
F22L,0.881333333,0.824960274,0
F22M,0.982,0.898789879,1
F22N,0.995,0.908324166,1
F22P,0.14825,0.287312065,0
F22Q,0.9945,0.907957462,1
F22R,0.875,0.820315365,0
F22S,1.009166667,0.918714094,1
F22T,0.98675,0.902273561,1
F22V,0.9475,0.873487349,0
F22W,0.956,0.879721305,0
F22Y,0.984,0.900256692,1
R23A,0.9835,0.899889989,1
R23C,0.9955,0.908690869,1
R23D,0.966,0.887055372,0
R23E,0.971,0.890722406,0
R23F,0.9785,0.896222956,0
R23G,0.986,0.901723506,1
R23H,0.9865,0.902090209,1
R23I,1.007666667,0.917613984,1
R23K,0.989,0.903923726,1
R23L,1.004833333,0.915535998,1
R23M,0.989,0.903923726,1
R23N,0.903,0.840850752,0
R23P,0.96825,0.888705537,0
R23Q,0.9965,0.909424276,1
R23S,0.984833333,0.900867864,1
R23T,0.981,0.898056472,1
R23V,0.9905,0.905023836,1
R23W,0.978,0.895856252,0
R23Y,0.996,0.909057572,1
V24A,0.999,0.911257792,1
V24C,1.004,0.914924826,1
V24D,0.0325,0.202420242,0
V24E,0.092,0.246057939,0
V24F,0.1165,0.264026403,0
V24G,-0.04975,0.142097543,0
V24H,0.079,0.236523652,0
V24I,0.990666667,0.90514607,1
V24K,-0.0315,0.155482215,0
V24L,0.995333333,0.908568634,1
V24M,0.917,0.851118445,0
V24N,0.0065,0.183351669,0
V24P,0.06975,0.229739641,0
V24Q,-0.0555,0.137880455,0
V24R,0.018833333,0.192397017,0
V24S,0.609666667,0.625718128,0
V24T,1.0045,0.915291529,1
V24W,-0.075,0.123579025,0
V24Y,-0.2425,0.000733407,0
E25A,0.9885,0.903557022,1
E25C,0.996,0.909057572,1
E25D,0.9825,0.899156582,1
E25F,0.9945,0.907957462,1
E25G,0.98925,0.904107077,1
E25H,0.996,0.909057572,1
E25I,1.003333333,0.914435888,1
E25K,1.0115,0.920425376,1
E25L,0.986666667,0.902212444,1
E25M,1.009,0.918591859,1
E25N,0.982,0.898789879,1
E25P,0.60225,0.620278695,0
E25Q,0.994,0.907590759,1
E25R,1.001666667,0.913213544,1
E25S,0.995,0.908324166,1
E25T,0.994,0.907590759,1
E25V,0.9935,0.907224056,1
E25W,0.98,0.897323066,0
E25Y,1.0035,0.914558122,1
L26A,0.70975,0.699119912,0
L26C,0.7505,0.729006234,0
L26D,0.68,0.677301063,0
L26E,0.616,0.630363036,0
L26F,0.8405,0.795012835,0
L26G,0.69625,0.689218922,0
L26H,0.6685,0.668866887,0
L26I,0.699,0.69123579,0
L26K,0.56,0.589292263,0
L26M,0.826,0.784378438,0
L26N,0.6915,0.68573524,0
L26P,0.5985,0.61752842,0
L26Q,0.615,0.62962963,0
L26R,0.582833333,0.606038381,0
L26S,0.657833333,0.661043882,0
L26T,0.6545,0.658599193,0
L26V,0.73875,0.720388706,0
L26W,0.429,0.493215988,0
L26Y,0.65,0.655298863,0
E27A,0.849,0.801246791,0
E27C,0.793,0.760176018,0
E27D,0.8535,0.804547121,0
E27F,0.8125,0.774477448,0
E27G,0.81225,0.774294096,0
E27H,0.799,0.764576458,0
E27I,0.835333333,0.791223567,0
E27K,0.8315,0.788412175,0
E27L,0.844,0.797579758,0
E27M,0.852,0.803447011,0
E27N,0.8335,0.789878988,0
E27P,0.7235,0.709204254,0
E27Q,0.826,0.784378438,0
E27R,0.819666667,0.779733529,0
E27S,0.840833333,0.795257303,0
E27T,0.8405,0.795012835,0
E27V,0.86375,0.81206454,0
E27W,0.776,0.747708104,0
E27Y,0.8295,0.786945361,0
N28A,0.8705,0.817015035,0
N28C,0.886,0.828382838,0
N28D,0.8435,0.797213055,0
N28E,0.7545,0.731939861,0
N28F,0.7225,0.708470847,0
N28G,0.83275,0.789328933,0
N28H,0.8525,0.803813715,0
N28I,0.891333333,0.83229434,0
N28K,0.9035,0.841217455,0
N28L,0.842166667,0.796235179,0
N28M,0.849,0.801246791,0
N28P,0.8205,0.780344701,0
N28Q,0.8445,0.797946461,0
N28R,0.888,0.829849652,0
N28S,0.846,0.799046571,0
N28T,0.78575,0.754858819,0
N28V,0.848,0.800513385,0
N28W,0.736,0.718371837,0
N28Y,0.726,0.71103777,0
G29A,0.9905,0.905023836,1
G29C,1.0005,0.912357902,1
G29D,0.994,0.907590759,1
G29E,1.001,0.912724606,1
G29F,1.001,0.912724606,1
G29H,1.0085,0.918225156,1
G29I,0.970333333,0.890233468,0
G29K,1.011,0.920058673,1
G29L,0.9985,0.910891089,1
G29M,1.002,0.913458012,1
G29N,0.9985,0.910891089,1
G29P,0.706,0.696369637,0
G29Q,1.0005,0.912357902,1
G29R,1.006666667,0.916880577,1
G29S,0.9985,0.910891089,1
G29T,1.00575,0.916208287,1
G29V,0.981,0.898056472,1
G29W,1.001,0.912724606,1
G29Y,0.977,0.895122846,0
H30A,0.99475,0.908140814,1
H30C,1.001,0.912724606,1
H30D,0.938,0.866519985,0
H30E,0.9465,0.872753942,0
H30F,1.002,0.913458012,1
H30G,0.9825,0.899156582,1
H30I,0.990333333,0.904901601,1
H30K,0.9925,0.906490649,1
H30L,0.984833333,0.900867864,1
H30M,1.001,0.912724606,1
H30N,0.9855,0.901356802,1
H30P,0.96875,0.889072241,0
H30Q,0.987,0.902456912,1
H30R,0.993166667,0.906979587,1
H30S,0.983333333,0.899767754,1
H30T,0.9845,0.900623396,1
H30V,1.00475,0.915474881,1
H30W,0.997,0.909790979,1
H30Y,0.9865,0.902090209,1
V31A,1.01325,0.921708838,1
V31C,1.02,0.926659333,1
V31D,1.005,0.915658232,1
V31E,0.9975,0.910157682,1
V31F,1.007,0.917125046,1
V31G,1.004,0.914924826,1
V31H,1.0085,0.918225156,1
V31I,1.004333333,0.915169294,1
V31K,1.0015,0.913091309,1
V31L,0.997333333,0.910035448,1
V31M,0.998,0.910524386,1
V31N,1.015,0.922992299,1
V31P,0.992,0.906123946,1
V31Q,1.0025,0.913824716,1
V31R,1.011166667,0.920180907,1
V31S,1.009166667,0.918714094,1
V31T,1.00825,0.918041804,1
V31W,1.012,0.920792079,1
V31Y,1.007,0.917125046,1
V32A,0.922,0.854785479,0
V32C,0.97,0.889988999,0
V32D,0.059,0.221855519,0
V32E,0.253,0.364136414,0
V32F,0.9655,0.886688669,0
V32G,0.913,0.848184818,0
V32H,0.9465,0.872753942,0
V32I,1.003333333,0.914435888,1
V32K,0.8735,0.819215255,0
V32L,1.013666667,0.922014424,1
V32M,0.988,0.903190319,1
V32N,0.991,0.905390539,1
V32P,0.772,0.744774477,0
V32Q,0.9965,0.909424276,1
V32R,0.898666667,0.837672656,0
V32S,0.9545,0.878621195,0
V32T,0.997,0.909790979,1
V32W,0.386,0.461679501,0
V32Y,0.94,0.867986799,0
T33A,0.98675,0.902273561,1
T33C,1.007,0.917125046,1
T33D,0.9815,0.898423176,1
T33E,0.9715,0.891089109,0
T33F,0.9995,0.911624496,1
T33G,0.98225,0.898973231,1
T33H,1.012,0.920792079,1
T33I,1.016,0.923725706,1
T33K,1.006,0.916391639,1
T33L,0.999166667,0.911380027,1
T33M,0.998,0.910524386,1
T33N,1.0095,0.918958563,1
T33P,0.8025,0.767143381,0
T33Q,1.0045,0.915291529,1
T33R,1.002,0.913458012,1
T33S,0.988,0.903190319,1
T33V,1.00875,0.918408508,1
T33W,0.991,0.905390539,1
T33Y,0.9805,0.897689769,1
A34C,1.001,0.912724606,1
A34D,-0.0955,0.108544188,0
A34E,0.038,0.206453979,0
A34F,0.3525,0.437110378,0
A34G,1.01275,0.921342134,1
A34H,0.296,0.395672901,0
A34I,0.709,0.698569857,0
A34K,-0.0685,0.128346168,0
A34L,0.760166667,0.736095832,0
A34M,0.822,0.781444811,0
A34N,0.803,0.767510084,0
A34P,0.9735,0.892555922,0
A34Q,0.3235,0.415841584,0
A34R,0.0035,0.181151448,0
A34S,1.006833333,0.917002811,1
A34T,0.98775,0.903006967,1
A34V,0.93875,0.86707004,0
A34W,-0.155,0.064906491,0
A34Y,0.2055,0.329299597,0
H35A,0.9735,0.892555922,0
H35C,0.99,0.904657132,1
H35D,0.661,0.663366337,0
H35E,0.609,0.62522919,0
H35F,1.0305,0.934360103,1
H35G,0.9875,0.902823616,1
H35I,0.987333333,0.902701381,1
H35K,0.985,0.900990099,1
H35L,0.999666667,0.91174673,1
H35M,0.99,0.904657132,1
H35N,0.987,0.902456912,1
H35P,0.97875,0.896406307,0
H35Q,0.9895,0.904290429,1
H35R,1.0085,0.918225156,1
H35S,0.9765,0.894756142,0
H35T,0.9995,0.911624496,1
H35V,0.98975,0.904473781,1
H35W,0.978,0.895856252,0
H35Y,1.007,0.917125046,1
I36A,0.9495,0.874954162,0
I36C,0.9985,0.910891089,1
I36D,0.2915,0.392372571,0
I36E,0.9335,0.863219655,0
I36F,0.533,0.569490282,0
I36G,0.9245,0.856618995,0
I36H,0.6745,0.673267327,0
I36K,0.9745,0.893289329,0
I36L,1.003333333,0.914435888,1
I36M,0.981,0.898056472,1
I36N,0.961,0.883388339,0
I36P,0.97575,0.894206087,0
I36Q,0.904,0.841584158,0
I36R,0.9555,0.879354602,0
I36S,0.986,0.901723506,1
I36T,0.99225,0.906307297,1
I36V,1.0025,0.913824716,1
I36W,0.319,0.412541254,0
I36Y,0.454,0.511551155,0
S37A,0.93775,0.866336634,0
S37C,0.983,0.899523286,1
S37D,0.658,0.661166117,0
S37E,0.235,0.350935094,0
S37F,0.1745,0.30656399,0
S37G,0.91675,0.850935094,0
S37H,0.8365,0.792079208,0
S37I,0.801333333,0.76628774,0
S37K,0.9425,0.869820315,0
S37L,0.54,0.574624129,0
S37M,0.842,0.796112945,0
S37N,0.987,0.902456912,1
S37P,0.30975,0.405757242,0
S37Q,0.7935,0.760542721,0
S37R,0.9795,0.896956362,0
S37T,0.929,0.859919325,0
S37V,0.76775,0.741657499,0
S37W,0.609,0.62522919,0
S37Y,0.528,0.565823249,0
G38A,0.83775,0.792995966,0
G38C,0.5055,0.549321599,0
G38D,0.2025,0.327099377,0
G38E,0.507,0.550421709,0
G38F,0.8025,0.767143381,0
G38H,0.779,0.749908324,0
G38I,0.359,0.441877521,0
G38K,0.348,0.433810048,0
G38L,0.322833333,0.415352646,0
G38M,0.625,0.636963696,0
G38N,0.6505,0.655665567,0
G38P,0.30725,0.403923726,0
G38Q,0.6075,0.62412908,0
G38R,0.366166667,0.447133602,0
G38S,0.427333333,0.491993644,0
G38T,0.503,0.547488082,0
G38V,0.601,0.619361936,0
G38W,0.808,0.771177118,0
G38Y,0.8815,0.825082508,0
K39A,0.867,0.814448111,0
K39C,0.833,0.789512285,0
K39D,0.6695,0.669600293,0
K39E,0.742,0.722772277,0
K39F,0.5785,0.602860286,0
K39G,0.79425,0.761092776,0
K39H,0.863,0.811514485,0
K39I,0.850666667,0.802469136,0
K39L,0.8745,0.819948662,0
K39M,0.792,0.759442611,0
K39N,0.8345,0.790612395,0
K39P,0.866,0.813714705,0
K39Q,0.839,0.793912725,0
K39R,0.961333333,0.883632807,0
K39S,0.871833333,0.81799291,0
K39T,0.87075,0.817198387,0
K39V,0.895,0.834983498,0
K39W,0.566,0.593692703,0
K39Y,0.3025,0.400440044,0
M40A,0.798,0.763843051,0
M40C,0.9215,0.854418775,0
M40D,0.072,0.231389806,0
M40E,0.17,0.30326366,0
M40F,0.358,0.441144114,0
M40G,0.34225,0.429592959,0
M40H,0.313,0.408140814,0
M40I,0.95,0.875320865,0
M40K,0.206,0.3296663,0
M40L,0.899666667,0.838406063,0
M40N,0.414,0.482214888,0
M40P,0.302,0.400073341,0
M40Q,0.488,0.536486982,0
M40R,0.240833333,0.355213299,0
M40S,0.602333333,0.620339812,0
M40T,0.79575,0.762192886,0
M40V,0.93025,0.860836084,0
M40W,0.146,0.2856619,0
M40Y,0.174,0.306197286,0
R41A,0.84275,0.796663,0
R41C,0.8465,0.799413275,0
R41D,0.4945,0.541254125,0
R41E,0.765,0.739640631,0
R41F,0.914,0.848918225,0
R41G,0.6675,0.66813348,0
R41H,0.9355,0.864686469,0
R41I,0.916333333,0.850629507,0
R41K,0.9295,0.860286029,0
R41L,0.926333333,0.857963574,0
R41M,0.879,0.823248992,0
R41N,0.856,0.806380638,0
R41P,0.2745,0.379904657,0
R41Q,0.88,0.823982398,0
R41S,0.854166667,0.805036059,0
R41T,0.8595,0.808947561,0
R41V,0.907,0.843784378,0
R41W,0.864,0.812247891,0
R41Y,0.9,0.838650532,0
K42A,0.91525,0.849834983,0
K42C,0.899,0.837917125,0
K42D,0.843,0.796846351,0
K42E,0.888,0.829849652,0
K42F,0.908,0.844517785,0
K42G,0.916,0.850385039,0
K42H,0.917,0.851118445,0
K42I,0.884333333,0.827160494,0
K42L,0.892666667,0.833272216,0
K42M,0.927,0.858452512,0
K42N,0.893,0.833516685,0
K42P,0.33025,0.420792079,0
K42Q,0.922,0.854785479,0
K42R,0.973333333,0.892433688,0
K42S,0.910666667,0.846473536,0
K42T,0.8965,0.836083608,0
K42V,0.88,0.823982398,0
K42W,0.907,0.843784378,0
K42Y,0.905,0.842317565,0
N43A,0.90825,0.844701137,0
N43C,0.9435,0.870553722,0
N43D,0.591,0.612027869,0
N43E,0.6355,0.644664466,0
N43F,0.9675,0.888155482,0
N43G,0.847,0.799779978,0
N43H,0.9915,0.905757242,1
N43I,0.643666667,0.650653955,0
N43K,0.9085,0.844884488,0
N43L,0.845,0.798313165,0
N43M,0.808,0.771177118,0
N43P,0.386,0.461679501,0
N43Q,0.6625,0.664466447,0
N43R,0.862166667,0.810903313,0
N43S,0.91,0.845984598,0
N43T,0.77,0.743307664,0
N43V,0.78775,0.756325633,0
N43W,0.899,0.837917125,0
N43Y,0.992,0.906123946,1
Y44A,0.7525,0.730473047,0
Y44C,0.8785,0.822882288,0
Y44D,0.62,0.633296663,0
Y44E,0.728,0.712504584,0
Y44F,1.12,1,1
Y44G,0.812,0.774110744,0
Y44H,0.961,0.883388339,0
Y44I,0.948666667,0.87434299,0
Y44K,1.0215,0.927759443,1
Y44L,0.920833333,0.853929837,0
Y44M,0.908,0.844517785,0
Y44N,1.0045,0.915291529,1
Y44P,0.76675,0.740924092,0
Y44Q,1.0515,0.949761643,1
Y44R,0.927,0.858452512,0
Y44S,0.967833333,0.888399951,0
Y44T,0.8715,0.817748442,0
Y44V,0.768,0.741840851,0
Y44W,0.965,0.886321966,0
I45A,0.66975,0.669783645,0
I45C,0.7165,0.704070407,0
I45D,0.685,0.680968097,0
I45E,0.7565,0.733406674,0
I45F,0.79,0.757975798,0
I45G,0.7065,0.69673634,0
I45H,0.758,0.734506784,0
I45K,0.74,0.721305464,0
I45L,0.768833333,0.742452023,0
I45M,0.608,0.624495783,0
I45N,0.8495,0.801613495,0
I45P,0.7715,0.744407774,0
I45Q,0.78,0.750641731,0
I45R,0.7175,0.704803814,0
I45S,0.783333333,0.75308642,0
I45T,0.7505,0.729006234,0
I45V,0.80525,0.769160249,0
I45W,0.713,0.701503484,0
I45Y,0.8075,0.770810414,0
R46A,0.75725,0.733956729,0
R46C,0.7645,0.739273927,0
R46D,0.4175,0.484781812,0
R46E,0.5285,0.566189952,0
R46F,0.663,0.66483315,0
R46G,0.77525,0.747158049,0
R46H,0.7875,0.756142281,0
R46I,0.724333333,0.709815426,0
R46K,0.893,0.833516685,0
R46L,0.672166667,0.671556045,0
R46M,0.732,0.71543821,0
R46N,0.742,0.722772277,0
R46P,0.47075,0.523835717,0
R46Q,0.738,0.719838651,0
R46S,0.756166667,0.733162205,0
R46T,0.72725,0.711954529,0
R46V,0.653,0.657499083,0
R46W,0.178,0.309130913,0
R46Y,0.7415,0.722405574,0
I47A,0.9345,0.863953062,0
I47C,0.96,0.882654932,0
I47D,0.0235,0.195819582,0
I47E,0.1275,0.272093876,0
I47F,0.4765,0.528052805,0
I47G,0.75175,0.729922992,0
I47H,0.3835,0.459845985,0
I47K,0.242,0.35606894,0
I47L,0.971833333,0.891333578,0
I47M,0.892,0.832783278,0
I47N,0.765,0.739640631,0
I47P,0.83675,0.79226256,0
I47Q,0.42,0.486615328,0
I47R,0.194666667,0.321354358,0
I47S,0.926333333,0.857963574,0
I47T,0.97275,0.892005867,0
I47V,0.94975,0.875137514,0
I47W,0.258,0.367803447,0
I47Y,0.133,0.276127613,0
L48A,0.891,0.832049872,0
L48C,0.9365,0.865419875,0
L48D,0.8495,0.801613495,0
L48E,0.8665,0.814081408,0
L48F,0.917,0.851118445,0
L48G,0.89825,0.83736707,0
L48H,0.925,0.856985699,0
L48I,0.897,0.836450312,0
L48K,0.9155,0.850018335,0
L48M,0.959,0.881921525,0
L48N,0.9345,0.863953062,0
L48P,0.37275,0.451961863,0
L48Q,0.946,0.872387239,0
L48R,0.930166667,0.860774967,0
L48S,0.9215,0.854418775,0
L48T,0.90475,0.842134213,0
L48V,0.43825,0.5,0
L48W,0.917,0.851118445,0
L48Y,0.9005,0.839017235,0
T49A,0.93125,0.86156949,0
T49C,0.923,0.855518885,0
T49D,0.9025,0.840484048,0
T49E,0.9305,0.861019435,0
T49F,0.914,0.848918225,0
T49G,0.932,0.862119545,0
T49H,0.923,0.855518885,0
T49I,0.926,0.857719105,0
T49K,0.944,0.870920425,0
T49L,0.917,0.851118445,0
T49M,0.969,0.889255592,0
T49N,0.91,0.845984598,0
T49P,0.937,0.865786579,0
T49Q,0.916,0.850385039,0
T49R,0.930166667,0.860774967,0
T49S,0.9295,0.860286029,0
T49V,0.916,0.850385039,0
T49W,0.952,0.876787679,0
T49Y,0.907,0.843784378,0
G50A,0.921,0.854052072,0
G50C,0.89,0.831316465,0
G50D,0.9125,0.847818115,0
G50E,0.902,0.840117345,0
G50F,0.8925,0.833149982,0
G50H,0.9015,0.839750642,0
G50I,0.877,0.821782178,0
G50K,0.897,0.836450312,0
G50L,0.8775,0.822148882,0
G50M,0.893,0.833516685,0
G50N,0.884,0.826916025,0
G50P,0.8855,0.828016135,0
G50Q,0.8925,0.833149982,0
G50R,0.9025,0.840484048,0
G50S,0.903,0.840850752,0
G50T,0.8995,0.838283828,0
G50V,0.8895,0.830949762,0
G50W,0.882,0.825449212,0
G50Y,0.891,0.832049872,0
D51A,0.825,0.783645031,0
D51C,0.8415,0.795746241,0
D51E,0.893,0.833516685,0
D51F,0.468,0.521818849,0
D51G,0.724,0.709570957,0
D51H,0.8115,0.773744041,0
D51I,0.426,0.491015768,0
D51K,0.318,0.411807847,0
D51L,0.331666667,0.421831072,0
D51M,0.629,0.639897323,0
D51N,0.8435,0.797213055,0
D51P,0.02825,0.199303264,0
D51Q,0.6995,0.691602494,0
D51R,0.313166667,0.408263049,0
D51S,0.922333333,0.855029947,0
D51T,0.6335,0.643197653,0
D51V,0.61675,0.630913091,0
D51W,0.197,0.32306564,0
D51Y,0.525,0.563623029,0
K52A,0.951,0.876054272,0
K52C,0.9615,0.883755042,0
K52D,0.942,0.869453612,0
K52E,0.949,0.874587459,0
K52F,0.955,0.878987899,0
K52G,0.972,0.891455812,0
K52H,0.963,0.884855152,0
K52I,0.966,0.887055372,0
K52L,0.957333333,0.880699181,0
K52M,0.979,0.896589659,0
K52N,0.9735,0.892555922,0
K52P,0.96625,0.887238724,0
K52Q,0.9525,0.877154382,0
K52R,0.966333333,0.887299841,0
K52S,0.9645,0.885955262,0
K52T,0.97125,0.890905757,0
K52V,0.95775,0.881004767,0
K52W,0.97,0.889988999,0
K52Y,0.9545,0.878621195,0
V53A,0.95875,0.881738174,0
V53C,0.949,0.874587459,0
V53D,0.058,0.221122112,0
V53E,0.1835,0.31316465,0
V53F,0.2105,0.33296663,0
V53G,0.75125,0.729556289,0
V53H,-0.007,0.173450678,0
V53I,0.904,0.841584158,0
V53K,0.024,0.196186285,0
V53L,0.952166667,0.876909913,0
V53M,0.755,0.732306564,0
V53N,0.188,0.31646498,0
V53P,0.47475,0.526769344,0
V53Q,0.1515,0.289695636,0
V53R,0.243166667,0.356924582,0
V53S,0.691666667,0.685857475,0
V53T,0.949,0.874587459,0
V53W,0.286,0.388338834,0
V53Y,0.165,0.299596626,0
T54A,0.9935,0.907224056,1
T54C,0.9655,0.886688669,0
T54D,0.939,0.867253392,0
T54E,0.9465,0.872753942,0
T54F,0.955,0.878987899,0
T54G,0.8985,0.837550422,0
T54H,0.9705,0.890355702,0
T54I,0.945,0.871653832,0
T54K,0.934,0.863586359,0
T54L,0.951833333,0.876665444,0
T54M,0.963,0.884855152,0
T54N,0.94,0.867986799,0
T54P,0.27675,0.381554822,0
T54Q,0.964,0.885588559,0
T54R,0.977833333,0.895734018,0
T54S,0.976833333,0.895000611,0
T54V,0.97075,0.890539054,0
T54W,0.95,0.875320865,0
T54Y,0.942,0.869453612,0
V55A,0.9915,0.905757242,1
V55C,0.978,0.895856252,0
V55D,0.059,0.221855519,0
V55E,0.031,0.201320132,0
V55F,0.895,0.834983498,0
V55G,0.40375,0.47469747,0
V55H,0.1605,0.296296296,0
V55I,0.916,0.850385039,0
V55K,-0.0245,0.160616062,0
V55L,0.958,0.881188119,0
V55M,0.958,0.881188119,0
V55N,0.483,0.532819949,0
V55P,0.09925,0.251375138,0
V55Q,0.3555,0.439310598,0
V55R,0.0015,0.179684635,0
V55S,0.855833333,0.806258403,0
V55T,0.982,0.898789879,1
V55W,0.042,0.209387605,0
V55Y,0.6015,0.61972864,0
E56A,0.987,0.902456912,1
E56C,0.967,0.887788779,0
E56D,0.979,0.896589659,0
E56F,0.9395,0.867620095,0
E56G,0.96625,0.887238724,0
E56H,0.987,0.902456912,1
E56I,0.947333333,0.873365114,0
E56K,0.9745,0.893289329,0
E56L,0.959833333,0.882532697,0
E56M,0.958,0.881188119,0
E56N,0.982,0.898789879,1
E56P,0.10625,0.256508984,0
E56Q,0.9915,0.905757242,1
E56R,0.963666667,0.88534409,0
E56S,0.963,0.884855152,0
E56T,0.96975,0.889805647,0
E56V,0.9795,0.896956362,0
E56W,0.955,0.878987899,0
E56Y,0.9715,0.891089109,0
L57A,0.9325,0.862486249,0
L57C,0.938,0.866519985,0
L57D,0.269,0.37587092,0
L57E,0.8235,0.782544921,0
L57F,0.887,0.829116245,0
L57G,0.93825,0.866703337,0
L57H,0.8955,0.835350202,0
L57I,0.938333333,0.866764454,0
L57K,0.914,0.848918225,0
L57M,0.968,0.888522186,0
L57N,0.8875,0.829482948,0
L57P,0.9405,0.868353502,0
L57Q,0.95,0.875320865,0
L57R,0.950333333,0.875565334,0
L57S,0.908166667,0.84464002,0
L57T,0.9435,0.870553722,0
L57V,0.9625,0.884488449,0
L57W,0.957,0.880454712,0
L57Y,0.9315,0.861752842,0
T58A,0.9095,0.845617895,0
T58C,0.758,0.734506784,0
T58D,0.8815,0.825082508,0
T58E,0.909,0.845251192,0
T58F,0.8225,0.781811514,0
T58G,0.863,0.811514485,0
T58H,0.9305,0.861019435,0
T58I,0.942,0.869453612,0
T58K,0.9045,0.841950862,0
T58L,0.842166667,0.796235179,0
T58M,0.848,0.800513385,0
T58N,0.952,0.876787679,0
T58P,0.82475,0.78346168,0
T58Q,0.969,0.889255592,0
T58R,0.902666667,0.840606283,0
T58S,0.789666667,0.757731329,0
T58V,0.951,0.876054272,0
T58W,0.916,0.850385039,0
T58Y,0.912,0.847451412,0
P59A,0.97425,0.893105977,0
P59C,0.9425,0.869820315,0
P59D,0.946,0.872387239,0
P59E,0.9245,0.856618995,0
P59F,0.95,0.875320865,0
P59G,0.9455,0.872020535,0
P59H,0.9315,0.861752842,0
P59I,0.915666667,0.85014057,0
P59K,0.931,0.861386139,0
P59L,0.957666667,0.88094365,0
P59M,0.977,0.895122846,0
P59N,0.943,0.870187019,0
P59Q,0.971,0.890722406,0
P59R,0.943833333,0.870798191,0
P59S,0.948333333,0.874098521,0
P59T,0.965,0.886321966,0
P59V,0.8995,0.838283828,0
P59W,0.95,0.875320865,0
P59Y,0.9395,0.867620095,0
Y60A,0.93825,0.866703337,0
Y60C,0.9535,0.877887789,0
Y60D,0.905,0.842317565,0
Y60E,0.931,0.861386139,0
Y60F,0.942,0.869453612,0
Y60G,0.883,0.826182618,0
Y60H,0.964,0.885588559,0
Y60I,0.962666667,0.884610684,0
Y60K,0.905,0.842317565,0
Y60L,0.956166667,0.87984354,0
Y60M,0.95,0.875320865,0
Y60N,0.894,0.834250092,0
Y60P,0.84775,0.800330033,0
Y60Q,0.9275,0.858819215,0
Y60R,0.884,0.826916025,0
Y60S,0.9215,0.854418775,0
Y60T,0.92325,0.855702237,0
Y60V,0.96225,0.884305097,0
Y60W,0.936,0.865053172,0
D61A,0.96225,0.884305097,0
D61C,0.9535,0.877887789,0
D61E,0.8745,0.819948662,0
D61F,0.934,0.863586359,0
D61G,0.9535,0.877887789,0
D61H,0.9255,0.857352402,0
D61I,0.755,0.732306564,0
D61K,0.482,0.532086542,0
D61L,0.819,0.779244591,0
D61M,0.9,0.838650532,0
D61N,0.9745,0.893289329,0
D61P,0.74425,0.724422442,0
D61Q,0.826,0.784378438,0
D61R,0.637166667,0.645886811,0
D61S,0.962166667,0.88424398,0
D61T,0.96575,0.886872021,0
D61V,0.794,0.760909424,0
D61W,0.908,0.844517785,0
D61Y,0.9435,0.870553722,0
L62A,0.95125,0.876237624,0
L62C,0.962,0.884121746,0
L62D,0.9665,0.887422076,0
L62E,0.9585,0.881554822,0
L62F,0.9665,0.887422076,0
L62G,0.94525,0.871837184,0
L62H,0.9665,0.887422076,0
L62I,0.972666667,0.89194475,0
L62K,0.9535,0.877887789,0
L62M,0.963,0.884855152,0
L62N,0.941,0.868720205,0
L62P,0.975,0.893656032,0
L62Q,0.974,0.892922626,0
L62R,0.956666667,0.880210243,0
L62S,0.954333333,0.878498961,0
L62T,0.9735,0.892555922,0
L62V,0.9695,0.889622296,0
L62W,0.948,0.873854052,0
L62Y,0.959,0.881921525,0
S63A,0.75,0.728639531,0
S63C,0.833,0.789512285,0
S63D,0.7875,0.756142281,0
S63E,0.7805,0.751008434,0
S63F,0.831,0.788045471,0
S63G,0.84875,0.80106344,0
S63H,0.835,0.790979098,0
S63I,0.805333333,0.769221366,0
S63K,0.8105,0.773010634,0
S63L,0.793666667,0.760664956,0
S63M,0.794,0.760909424,0
S63N,0.8445,0.797946461,0
S63P,0.65125,0.656215622,0
S63Q,0.794,0.760909424,0
S63R,0.836333333,0.791956973,0
S63T,0.789,0.757242391,0
S63V,0.78575,0.754858819,0
S63W,0.84,0.794646131,0
S63Y,0.8355,0.791345801,0
K64A,0.76625,0.740557389,0
K64C,0.6705,0.6703337,0
K64D,0.3255,0.417308398,0
K64E,0.5475,0.580124679,0
K64F,0.7255,0.710671067,0
K64G,0.691,0.685368537,0
K64H,0.7675,0.741474147,0
K64I,0.833666667,0.790001223,0
K64L,0.796666667,0.762865176,0
K64M,0.843,0.796846351,0
K64N,0.8475,0.800146681,0
K64P,0.35175,0.436560323,0
K64Q,0.8615,0.810414375,0
K64R,0.829833333,0.78718983,0
K64S,0.688,0.683168317,0
K64T,0.83025,0.787495416,0
K64V,0.819,0.779244591,0
K64W,0.773,0.745507884,0
K64Y,0.7075,0.697469747,0
G65A,0.935,0.864319765,0
G65C,0.9165,0.850751742,0
G65D,0.0695,0.229556289,0
G65E,-0.0085,0.172350568,0
G65F,0.1675,0.301430143,0
G65H,0.0435,0.210487715,0
G65I,0.176,0.3076641,0
G65K,-0.115,0.094242758,0
G65L,0.144333333,0.284439555,0
G65M,0.634,0.643564356,0
G65N,0.092,0.246057939,0
G65P,0.34525,0.431793179,0
G65Q,0.0705,0.230289696,0
G65R,0.001333333,0.1795624,0
G65S,0.905333333,0.842562034,0
G65T,0.68675,0.682251558,0
G65V,0.93425,0.86376971,0
G65W,0.174,0.306197286,0
G65Y,0.124,0.269526953,0
R66A,0.3795,0.456912358,0
R66C,0.7655,0.740007334,0
R66D,0.035,0.204253759,0
R66E,0.003,0.180784745,0
R66F,0.7095,0.69893656,0
R66G,0.16175,0.297213055,0
R66H,0.2165,0.33736707,0
R66I,0.888,0.829849652,0
R66K,0.881,0.824715805,0
R66L,0.907666667,0.844273316,0
R66M,0.784,0.753575358,0
R66N,0.327,0.418408508,0
R66P,0.3595,0.442244224,0
R66Q,0.1825,0.312431243,0
R66S,0.353,0.437477081,0
R66T,0.77725,0.748624862,0
R66V,0.81475,0.776127613,0
R66W,0.502,0.546754675,0
R66Y,0.6795,0.67693436,0
I67A,0.98075,0.897873121,1
I67C,0.9585,0.881554822,0
I67D,-0.0265,0.159149248,0
I67E,-0.0445,0.145947928,0
I67F,0.5385,0.573524019,0
I67G,0.2655,0.373303997,0
I67H,0.039,0.207187385,0
I67K,0.144,0.284195086,0
I67L,0.9595,0.882288229,0
I67M,0.985,0.900990099,1
I67N,0.1245,0.269893656,0
I67P,-0.00875,0.172167217,0
I67Q,0.1055,0.255958929,0
I67R,0.081833333,0.238601638,0
I67S,0.356166667,0.439799536,0
I67T,0.95725,0.880638064,0
I67V,0.96925,0.889438944,0
I67W,-0.099,0.105977264,0
I67Y,0.111,0.259992666,0
V68A,0.92825,0.85936927,0
V68C,0.9665,0.887422076,0
V68D,0.866,0.813714705,0
V68E,0.938,0.866519985,0
V68F,0.9935,0.907224056,1
V68G,0.936,0.865053172,0
V68H,0.9415,0.869086909,0
V68I,0.977,0.895122846,0
V68K,0.9765,0.894756142,0
V68L,0.982333333,0.899034348,1
V68M,0.964,0.885588559,0
V68N,0.948,0.873854052,0
V68P,0.70975,0.699119912,0
V68Q,0.952,0.876787679,0
V68R,0.984,0.900256692,1
V68S,0.956166667,0.87984354,0
V68T,0.9565,0.880088009,0
V68W,0.976,0.894389439,0
V68Y,0.95,0.875320865,0
F69A,0.82425,0.783094976,0
F69C,0.807,0.770443711,0
F69D,0.4165,0.484048405,0
F69E,0.7675,0.741474147,0
F69G,0.75275,0.730656399,0
F69H,0.9235,0.855885589,0
F69I,0.944,0.870920425,0
F69K,0.934,0.863586359,0
F69L,0.909833333,0.845862364,0
F69M,0.837,0.792445911,0
F69N,0.788,0.756508984,0
F69P,0.15425,0.291712505,0
F69Q,0.8515,0.803080308,0
F69R,0.933,0.862852952,0
F69S,0.82,0.779977998,0
F69T,0.86475,0.812797946,0
F69V,0.926,0.857719105,0
F69W,0.879,0.823248992,0
F69Y,0.9935,0.907224056,1
R70A,0.65275,0.657315732,0
R70C,0.598,0.617161716,0
R70D,0.2985,0.397506417,0
R70E,0.149,0.28786212,0
R70F,0.2945,0.394572791,0
R70G,0.51225,0.554272094,0
R70H,0.1375,0.279427943,0
R70I,0.474333333,0.526463757,0
R70K,0.6205,0.633663366,0
R70L,0.630333333,0.640875198,0
R70M,0.516,0.557022369,0
R70N,0.755,0.732306564,0
R70P,0.10975,0.259075908,0
R70Q,0.2975,0.396773011,0
R70S,0.549666667,0.581713727,0
R70T,0.56675,0.594242758,0
R70V,0.64025,0.648148148,0
R70W,0.254,0.36486982,0
R70Y,0.3735,0.452511918,0
S71A,0.98075,0.897873121,1
S71C,1,0.911991199,1
S71D,0.985,0.900990099,1
S71E,0.959,0.881921525,0
S71F,0.975,0.893656032,0
S71G,0.99575,0.908874221,1
S71H,0.993,0.906857352,1
S71I,0.978333333,0.896100721,0
S71K,0.9895,0.904290429,1
S71L,0.988833333,0.903801491,1
S71M,0.998,0.910524386,1
S71N,0.9865,0.902090209,1
S71P,0.95425,0.878437844,0
S71Q,0.971,0.890722406,0
S71R,0.9955,0.908690869,1
S71T,0.98925,0.904107077,1
S71V,0.99075,0.905207187,1
S71W,1.012,0.920792079,1
S71Y,0.9665,0.887422076,0
R72A,0.95325,0.877704437,0
R72C,0.95,0.875320865,0
R72D,0.8535,0.804547121,0
R72E,0.8435,0.797213055,0
R72F,0.875,0.820315365,0
R72G,0.96375,0.885405207,0
R72H,0.925,0.856985699,0
R72I,0.836,0.791712505,0
R72K,0.918,0.851851852,0
R72L,0.884,0.826916025,0
R72M,0.901,0.839383938,0
R72N,0.891,0.832049872,0
R72P,0.9095,0.845617895,0
R72Q,0.925,0.856985699,0
R72S,0.923333333,0.855763354,0
R72T,0.911,0.846718005,0
R72V,0.90475,0.842134213,0
R72W,0.924,0.856252292,0
R72Y,0.8625,0.811147781,0
