variant,activity,activity_scaled,activity_binary,log2fc
Y306G,5300000,1,1,1.9205655325056
H357G,4800000,0.905656639,1,1.77760757866355
D182V,4100000,0.773575934,1,1.55019708256048
N300G,3500000,0.660363901,1,1.32192809488736
Y400G,3400000,0.641495229,1,1.28010791919274
R135G,3200000,0.603757885,1,1.1926450779424
V488A,3200000,0.603757885,1,1.1926450779424
R41G,2900000,0.547151868,1,1.05062607306997
T304G,2800000,0.528283196,1,1
V488G,2800000,0.528283196,1,1
A25G,2700000,0.509414524,1,0.947532580105865
V78A,2700000,0.509414524,1,0.947532580105865
K105V,2700000,0.509414524,1,0.947532580105865
L213G,2700000,0.509414524,1,0.947532580105865
K245V,2700000,0.509414524,0,0.947532580105865
K109G,2600000,0.490545852,1,0.893084796083488
L161V,2600000,0.490545852,1,0.893084796083488
T267G,2600000,0.490545852,1,0.893084796083488
T273V,2600000,0.490545852,1,0.893084796083488
N286V,2600000,0.490545852,1,0.893084796083488
T298V,2600000,0.490545852,1,0.893084796083488
A395V,2600000,0.490545852,1,0.893084796083488
C113V,2500000,0.47167718,1,0.836501267717121
S166V,2500000,0.47167718,1,0.836501267717121
N208V,2500000,0.47167718,1,0.836501267717121
N225G,2500000,0.47167718,0,0.836501267717121
G55V,2400000,0.452808508,0,0.777607578663552
V70A,2400000,0.452808508,1,0.777607578663552
A165G,2400000,0.452808508,0,0.777607578663552
A215V,2400000,0.452808508,0,0.777607578663552
L240G,2400000,0.452808508,0,0.777607578663552
G285A,2400000,0.452808508,1,0.777607578663552
Y322V,2400000,0.452808508,1,0.777607578663552
T369G,2400000,0.452808508,1,0.777607578663552
Y479G,2400000,0.452808508,0,0.777607578663552
W42V,2300000,0.433939835,1,0.716207033999409
D101V,2300000,0.433939835,1,0.716207033999409
T125G,2300000,0.433939835,0,0.716207033999409
L146V,2300000,0.433939835,1,0.716207033999409
S166G,2300000,0.433939835,0,0.716207033999409
V209A,2300000,0.433939835,0,0.716207033999409
D257G,2300000,0.433939835,0,0.716207033999409
R266G,2300000,0.433939835,0,0.716207033999409
P269V,2300000,0.433939835,0,0.716207033999409
F270V,2300000,0.433939835,1,0.716207033999409
A330G,2300000,0.433939835,0,0.716207033999409
A397V,2300000,0.433939835,1,0.716207033999409
Q468G,2300000,0.433939835,0,0.716207033999409
S471G,2300000,0.433939835,0,0.716207033999409
K506G,2300000,0.433939835,0,0.716207033999409
N511V,2300000,0.433939835,0,0.716207033999409
K538G,2300000,0.433939835,0,0.716207033999409
Q21V,2200000,0.415071163,0,0.652076696579693
G185A,2200000,0.415071163,0,0.652076696579693
K195G,2200000,0.415071163,0,0.652076696579693
A211G,2200000,0.415071163,0,0.652076696579693
A215G,2200000,0.415071163,0,0.652076696579693
N216G,2200000,0.415071163,0,0.652076696579693
V235A,2200000,0.415071163,0,0.652076696579693
V307A,2200000,0.415071163,0,0.652076696579693
V347A,2200000,0.415071163,0,0.652076696579693
Q363V,2200000,0.415071163,0,0.652076696579693
E374G,2200000,0.415071163,0,0.652076696579693
Q386V,2200000,0.415071163,0,0.652076696579693
Y400V,2200000,0.415071163,1,0.652076696579693
V402A,2200000,0.415071163,0,0.652076696579693
F404V,2200000,0.415071163,1,0.652076696579693
D418V,2200000,0.415071163,0,0.652076696579693
G534A,2200000,0.415071163,0,0.652076696579693
V543A,2200000,0.415071163,0,0.652076696579693
G545A,2200000,0.415071163,0,0.652076696579693
S50G,2100000,0.396202491,0,0.584962500721156
Y52V,2100000,0.396202491,0,0.584962500721156
G55A,2100000,0.396202491,0,0.584962500721156
K105G,2100000,0.396202491,0,0.584962500721156
L107G,2100000,0.396202491,0,0.584962500721156
T183V,2100000,0.396202491,0,0.584962500721156
T191G,2100000,0.396202491,0,0.584962500721156
T194G,2100000,0.396202491,0,0.584962500721156
E196V,2100000,0.396202491,0,0.584962500721156
T267V,2100000,0.396202491,0,0.584962500721156
T268V,2100000,0.396202491,0,0.584962500721156
R327V,2100000,0.396202491,0,0.584962500721156
N335V,2100000,0.396202491,0,0.584962500721156
E374V,2100000,0.396202491,0,0.584962500721156
E379V,2100000,0.396202491,0,0.584962500721156
K385V,2100000,0.396202491,0,0.584962500721156
A390V,2100000,0.396202491,0,0.584962500721156
R406V,2100000,0.396202491,0,0.584962500721156
V408A,2100000,0.396202491,0,0.584962500721156
K413V,2100000,0.396202491,0,0.584962500721156
P431V,2100000,0.396202491,0,0.584962500721156
L437V,2100000,0.396202491,0,0.584962500721156
S446V,2100000,0.396202491,0,0.584962500721156
P521V,2100000,0.396202491,0,0.584962500721156
F531G,2100000,0.396202491,0,0.584962500721156
A535G,2100000,0.396202491,0,0.584962500721156
Q21G,2000000,0.377333819,0,0.514573172829758
A25V,2000000,0.377333819,0,0.514573172829758
L35V,2000000,0.377333819,0,0.514573172829758
E54V,2000000,0.377333819,0,0.514573172829758
F57V,2000000,0.377333819,0,0.514573172829758
T63G,2000000,0.377333819,0,0.514573172829758
F87G,2000000,0.377333819,0,0.514573172829758
Q120G,2000000,0.377333819,0,0.514573172829758
T124V,2000000,0.377333819,0,0.514573172829758
G130A,2000000,0.377333819,0,0.514573172829758
T153V,2000000,0.377333819,0,0.514573172829758
K195V,2000000,0.377333819,0,0.514573172829758
E196G,2000000,0.377333819,0,0.514573172829758
K207G,2000000,0.377333819,0,0.514573172829758
A211V,2000000,0.377333819,0,0.514573172829758
Q212G,2000000,0.377333819,0,0.514573172829758
T252G,2000000,0.377333819,0,0.514573172829758
A260G,2000000,0.377333819,0,0.514573172829758
A260V,2000000,0.377333819,0,0.514573172829758
G271A,2000000,0.377333819,0,0.514573172829758
D284V,2000000,0.377333819,0,0.514573172829758
N286G,2000000,0.377333819,0,0.514573172829758
V307G,2000000,0.377333819,0,0.514573172829758
V318A,2000000,0.377333819,0,0.514573172829758
G343V,2000000,0.377333819,0,0.514573172829758
I394V,2000000,0.377333819,0,0.514573172829758
K429V,2000000,0.377333819,0,0.514573172829758
T439V,2000000,0.377333819,0,0.514573172829758
W443V,2000000,0.377333819,0,0.514573172829758
G545V,2000000,0.377333819,0,0.514573172829758
T23V,1900000,0.358465147,0,0.440572591385981
V33A,1900000,0.358465147,0,0.440572591385981
V36A,1900000,0.358465147,0,0.440572591385981
E54G,1900000,0.358465147,0,0.440572591385981
T84G,1900000,0.358465147,0,0.440572591385981
K109V,1900000,0.358465147,0,0.440572591385981
T118G,1900000,0.358465147,0,0.440572591385981
G123V,1900000,0.358465147,0,0.440572591385981
S128G,1900000,0.358465147,0,0.440572591385981
R135V,1900000,0.358465147,0,0.440572591385981
Q145G,1900000,0.358465147,0,0.440572591385981
F180V,1900000,0.358465147,0,0.440572591385981
K186V,1900000,0.358465147,0,0.440572591385981
I188V,1900000,0.358465147,0,0.440572591385981
P198V,1900000,0.358465147,0,0.440572591385981
K199G,1900000,0.358465147,0,0.440572591385981
V201A,1900000,0.358465147,0,0.440572591385981
N208G,1900000,0.358465147,0,0.440572591385981
Q212V,1900000,0.358465147,0,0.440572591385981
G217V,1900000,0.358465147,0,0.440572591385981
Q226V,1900000,0.358465147,0,0.440572591385981
Y258G,1900000,0.358465147,0,0.440572591385981
Y258V,1900000,0.358465147,0,0.440572591385981
D280G,1900000,0.358465147,0,0.440572591385981
D291G,1900000,0.358465147,0,0.440572591385981
D292G,1900000,0.358465147,0,0.440572591385981
N314V,1900000,0.358465147,0,0.440572591385981
T321G,1900000,0.358465147,0,0.440572591385981
R327G,1900000,0.358465147,0,0.440572591385981
F333V,1900000,0.358465147,0,0.440572591385981
K342V,1900000,0.358465147,0,0.440572591385981
G343A,1900000,0.358465147,0,0.440572591385981
L346V,1900000,0.358465147,0,0.440572591385981
A355G,1900000,0.358465147,0,0.440572591385981
E379G,1900000,0.358465147,0,0.440572591385981
A382V,1900000,0.358465147,0,0.440572591385981
K407V,1900000,0.358465147,0,0.440572591385981
S412V,1900000,0.358465147,0,0.440572591385981
P450G,1900000,0.358465147,0,0.440572591385981
P450V,1900000,0.358465147,0,0.440572591385981
I505V,1900000,0.358465147,0,0.440572591385981
K538V,1900000,0.358465147,0,0.440572591385981
R546G,1900000,0.358465147,0,0.440572591385981
N24G,1800000,0.339596475,0,0.362570079384708
V37A,1800000,0.339596475,0,0.362570079384708
Q39G,1800000,0.339596475,0,0.362570079384708
S50V,1800000,0.339596475,0,0.362570079384708
H83V,1800000,0.339596475,0,0.362570079384708
E117G,1800000,0.339596475,0,0.362570079384708
V119A,1800000,0.339596475,0,0.362570079384708
T175V,1800000,0.339596475,0,0.362570079384708
N202G,1800000,0.339596475,0,0.362570079384708
E259G,1800000,0.339596475,0,0.362570079384708
T275V,1800000,0.339596475,0,0.362570079384708
Q287V,1800000,0.339596475,0,0.362570079384708
T294V,1800000,0.339596475,0,0.362570079384708
L323V,1800000,0.339596475,0,0.362570079384708
K338V,1800000,0.339596475,0,0.362570079384708
V340A,1800000,0.339596475,0,0.362570079384708
A356G,1800000,0.339596475,0,0.362570079384708
K377G,1800000,0.339596475,0,0.362570079384708
K387V,1800000,0.339596475,0,0.362570079384708
G389A,1800000,0.339596475,0,0.362570079384708
A410G,1800000,0.339596475,0,0.362570079384708
E426V,1800000,0.339596475,0,0.362570079384708
K462G,1800000,0.339596475,0,0.362570079384708
D473G,1800000,0.339596475,0,0.362570079384708
K481G,1800000,0.339596475,0,0.362570079384708
N490G,1800000,0.339596475,0,0.362570079384708
H515G,1800000,0.339596475,0,0.362570079384708
A520G,1800000,0.339596475,0,0.362570079384708
P532G,1800000,0.339596475,0,0.362570079384708
P539V,1800000,0.339596475,0,0.362570079384708
R47V,1700000,0.320727802,0,0.280107919192735
M60V,1700000,0.320727802,0,0.280107919192735
F87V,1700000,0.320727802,0,0.280107919192735
I97V,1700000,0.320727802,0,0.280107919192735
S110G,1700000,0.320727802,0,0.280107919192735
S110V,1700000,0.320727802,0,0.280107919192735
E117V,1700000,0.320727802,0,0.280107919192735
P121G,1700000,0.320727802,0,0.280107919192735
T124G,1700000,0.320727802,0,0.280107919192735
V129A,1700000,0.320727802,0,0.280107919192735
S139V,1700000,0.320727802,0,0.280107919192735
A149G,1700000,0.320727802,0,0.280107919192735
V159A,1700000,0.320727802,0,0.280107919192735
K186G,1700000,0.320727802,0,0.280107919192735
K199V,1700000,0.320727802,0,0.280107919192735
N202V,1700000,0.320727802,0,0.280107919192735
D203G,1700000,0.320727802,0,0.280107919192735
D257V,1700000,0.320727802,0,0.280107919192735
E259V,1700000,0.320727802,0,0.280107919192735
Q277G,1700000,0.320727802,0,0.280107919192735
A281G,1700000,0.320727802,0,0.280107919192735
D284G,1700000,0.320727802,0,0.280107919192735
I293G,1700000,0.320727802,0,0.280107919192735
A302G,1700000,0.320727802,0,0.280107919192735
S303G,1700000,0.320727802,0,0.280107919192735
P313V,1700000,0.320727802,0,0.280107919192735
I316V,1700000,0.320727802,0,0.280107919192735
T321V,1700000,0.320727802,0,0.280107919192735
A330V,1700000,0.320727802,0,0.280107919192735
K378V,1700000,0.320727802,0,0.280107919192735
F388V,1700000,0.320727802,0,0.280107919192735
A410V,1700000,0.320727802,0,0.280107919192735
D411V,1700000,0.320727802,0,0.280107919192735
V455A,1700000,0.320727802,0,0.280107919192735
S487V,1700000,0.320727802,0,0.280107919192735
Q507V,1700000,0.320727802,0,0.280107919192735
N511G,1700000,0.320727802,0,0.280107919192735
Q530G,1700000,0.320727802,0,0.280107919192735
K22G,1600000,0.30185913,0,0.192645077942396
Y44V,1600000,0.30185913,0,0.192645077942396
Y46V,1600000,0.30185913,0,0.192645077942396
I86V,1600000,0.30185913,0,0.192645077942396
V111A,1600000,0.30185913,0,0.192645077942396
T118V,1600000,0.30185913,0,0.192645077942396
V122A,1600000,0.30185913,0,0.192645077942396
P134V,1600000,0.30185913,0,0.192645077942396
Q145V,1600000,0.30185913,0,0.192645077942396
S154G,1600000,0.30185913,0,0.192645077942396
G176A,1600000,0.30185913,0,0.192645077942396
V209G,1600000,0.30185913,0,0.192645077942396
V214A,1600000,0.30185913,0,0.192645077942396
V214G,1600000,0.30185913,0,0.192645077942396
L221V,1600000,0.30185913,0,0.192645077942396
P223V,1600000,0.30185913,0,0.192645077942396
T246V,1600000,0.30185913,0,0.192645077942396
L254V,1600000,0.30185913,0,0.192645077942396
K256G,1600000,0.30185913,0,0.192645077942396
K262G,1600000,0.30185913,0,0.192645077942396
R266V,1600000,0.30185913,0,0.192645077942396
V290A,1600000,0.30185913,0,0.192645077942396
V290G,1600000,0.30185913,0,0.192645077942396
L297V,1600000,0.30185913,0,0.192645077942396
R324V,1600000,0.30185913,0,0.192645077942396
L329V,1600000,0.30185913,0,0.192645077942396
A364V,1600000,0.30185913,0,0.192645077942396
T369V,1600000,0.30185913,0,0.192645077942396
M376V,1600000,0.30185913,0,0.192645077942396
K383V,1600000,0.30185913,0,0.192645077942396
K407G,1600000,0.30185913,0,0.192645077942396
K413G,1600000,0.30185913,0,0.192645077942396
Y422V,1600000,0.30185913,0,0.192645077942396
V423A,1600000,0.30185913,0,0.192645077942396
D440G,1600000,0.30185913,0,0.192645077942396
S464G,1600000,0.30185913,0,0.192645077942396
S480G,1600000,0.30185913,0,0.192645077942396
T484G,1600000,0.30185913,0,0.192645077942396
Q507G,1600000,0.30185913,0,0.192645077942396
M516G,1600000,0.30185913,0,0.192645077942396
L526V,1600000,0.30185913,0,0.192645077942396
P539G,1600000,0.30185913,0,0.192645077942396
P27V,1500000,0.282990458,0,0.0995356735509144
Y49G,1500000,0.282990458,0,0.0995356735509144
Y49V,1500000,0.282990458,0,0.0995356735509144
N62V,1500000,0.282990458,0,0.0995356735509144
H71G,1500000,0.282990458,0,0.0995356735509144
H71V,1500000,0.282990458,0,0.0995356735509144
I94V,1500000,0.282990458,0,0.0995356735509144
D104V,1500000,0.282990458,0,0.0995356735509144
L107V,1500000,0.282990458,0,0.0995356735509144
S115G,1500000,0.282990458,0,0.0995356735509144
Q120V,1500000,0.282990458,0,0.0995356735509144
N127G,1500000,0.282990458,0,0.0995356735509144
N127V,1500000,0.282990458,0,0.0995356735509144
Q131G,1500000,0.282990458,0,0.0995356735509144
S133G,1500000,0.282990458,0,0.0995356735509144
L137V,1500000,0.282990458,0,0.0995356735509144
T141V,1500000,0.282990458,0,0.0995356735509144
V142A,1500000,0.282990458,0,0.0995356735509144
V156A,1500000,0.282990458,0,0.0995356735509144
A170G,1500000,0.282990458,0,0.0995356735509144
D182G,1500000,0.282990458,0,0.0995356735509144
L213V,1500000,0.282990458,0,0.0995356735509144
N225V,1500000,0.282990458,0,0.0995356735509144
T252V,1500000,0.282990458,0,0.0995356735509144
A255G,1500000,0.282990458,0,0.0995356735509144
Q287G,1500000,0.282990458,0,0.0995356735509144
D291V,1500000,0.282990458,0,0.0995356735509144
D331G,1500000,0.282990458,0,0.0995356735509144
F332V,1500000,0.282990458,0,0.0995356735509144
N335G,1500000,0.282990458,0,0.0995356735509144
K385G,1500000,0.282990458,0,0.0995356735509144
A390G,1500000,0.282990458,0,0.0995356735509144
N392G,1500000,0.282990458,0,0.0995356735509144
I393G,1500000,0.282990458,0,0.0995356735509144
V419A,1500000,0.282990458,0,0.0995356735509144
W443G,1500000,0.282990458,0,0.0995356735509144
E444G,1500000,0.282990458,0,0.0995356735509144
E444V,1500000,0.282990458,0,0.0995356735509144
S445V,1500000,0.282990458,0,0.0995356735509144
I447V,1500000,0.282990458,0,0.0995356735509144
S453G,1500000,0.282990458,0,0.0995356735509144
S453V,1500000,0.282990458,0,0.0995356735509144
S471V,1500000,0.282990458,0,0.0995356735509144
S477G,1500000,0.282990458,0,0.0995356735509144
H515V,1500000,0.282990458,0,0.0995356735509144
L527V,1500000,0.282990458,0,0.0995356735509144
S533G,1500000,0.282990458,0,0.0995356735509144
T23G,1400000,0.264121786,0,0
N24V,1400000,0.264121786,0,0
L31V,1400000,0.264121786,0,0
V32A,1400000,0.264121786,0,0
W42G,1400000,0.264121786,0,0
Y65V,1400000,0.264121786,0,0
G108V,1400000,0.264121786,0,0
T114V,1400000,0.264121786,0,0
S126V,1400000,0.264121786,0,0
T150G,1400000,0.264121786,0,0
T153G,1400000,0.264121786,0,0
I167V,1400000,0.264121786,0,0
T184G,1400000,0.264121786,0,0
N206V,1400000,0.264121786,0,0
N219G,1400000,0.264121786,0,0
N219V,1400000,0.264121786,0,0
T220V,1400000,0.264121786,0,0
L221G,1400000,0.264121786,0,0
P223G,1400000,0.264121786,0,0
I224G,1400000,0.264121786,0,0
N234G,1400000,0.264121786,0,0
L241V,1400000,0.264121786,0,0
L254G,1400000,0.264121786,0,0
K261V,1400000,0.264121786,0,0
P269G,1400000,0.264121786,0,0
F270G,1400000,0.264121786,0,0
L274V,1400000,0.264121786,0,0
L276V,1400000,0.264121786,0,0
Q277V,1400000,0.264121786,0,0
A279V,1400000,0.264121786,0,0
I283V,1400000,0.264121786,0,0
N310V,1400000,0.264121786,0,0
N334V,1400000,0.264121786,0,0
K342G,1400000,0.264121786,0,0
Y345V,1400000,0.264121786,0,0
F372V,1400000,0.264121786,0,0
K377V,1400000,0.264121786,0,0
M380G,1400000,0.264121786,0,0
M380V,1400000,0.264121786,0,0
N381G,1400000,0.264121786,0,0
A382G,1400000,0.264121786,0,0
A395G,1400000,0.264121786,0,0
R406G,1400000,0.264121786,0,0
V408G,1400000,0.264121786,0,0
D411G,1400000,0.264121786,0,0
D421G,1400000,0.264121786,0,0
L427V,1400000,0.264121786,0,0
K429G,1400000,0.264121786,0,0
E430V,1400000,0.264121786,0,0
E441V,1400000,0.264121786,0,0
K482V,1400000,0.264121786,0,0
S524G,1400000,0.264121786,0,0
T541V,1400000,0.264121786,0,0
L61G,1300000,0.245253114,0,-0.106915203916512
I81V,1300000,0.245253114,0,-0.106915203916512
A98V,1300000,0.245253114,0,-0.106915203916512
D101G,1300000,0.245253114,0,-0.106915203916512
E106G,1300000,0.245253114,0,-0.106915203916512
G108A,1300000,0.245253114,0,-0.106915203916512
C113G,1300000,0.245253114,0,-0.106915203916512
G123A,1300000,0.245253114,0,-0.106915203916512
T125V,1300000,0.245253114,0,-0.106915203916512
N151V,1300000,0.245253114,0,-0.106915203916512
V156G,1300000,0.245253114,0,-0.106915203916512
A177V,1300000,0.245253114,0,-0.106915203916512
T183G,1300000,0.245253114,0,-0.106915203916512
L197V,1300000,0.245253114,0,-0.106915203916512
D203V,1300000,0.245253114,0,-0.106915203916512
K207V,1300000,0.245253114,0,-0.106915203916512
Q226G,1300000,0.245253114,0,-0.106915203916512
S231G,1300000,0.245253114,0,-0.106915203916512
N234V,1300000,0.245253114,0,-0.106915203916512
S243G,1300000,0.245253114,0,-0.106915203916512
K245G,1300000,0.245253114,0,-0.106915203916512
D253V,1300000,0.245253114,0,-0.106915203916512
A255V,1300000,0.245253114,0,-0.106915203916512
K262V,1300000,0.245253114,0,-0.106915203916512
D292V,1300000,0.245253114,0,-0.106915203916512
N310G,1300000,0.245253114,0,-0.106915203916512
K338G,1300000,0.245253114,0,-0.106915203916512
N344G,1300000,0.245253114,0,-0.106915203916512
H365V,1300000,0.245253114,0,-0.106915203916512
F371V,1300000,0.245253114,0,-0.106915203916512
K378G,1300000,0.245253114,0,-0.106915203916512
D391V,1300000,0.245253114,0,-0.106915203916512
A396V,1300000,0.245253114,0,-0.106915203916512
Y403V,1300000,0.245253114,0,-0.106915203916512
L409V,1300000,0.245253114,0,-0.106915203916512
S412G,1300000,0.245253114,0,-0.106915203916512
E415V,1300000,0.245253114,0,-0.106915203916512
D418G,1300000,0.245253114,0,-0.106915203916512
T425V,1300000,0.245253114,0,-0.106915203916512
E426G,1300000,0.245253114,0,-0.106915203916512
V436A,1300000,0.245253114,0,-0.106915203916512
I469G,1300000,0.245253114,0,-0.106915203916512
L476G,1300000,0.245253114,0,-0.106915203916512
L476V,1300000,0.245253114,0,-0.106915203916512
A478G,1300000,0.245253114,0,-0.106915203916512
K481V,1300000,0.245253114,0,-0.106915203916512
T485G,1300000,0.245253114,0,-0.106915203916512
S487G,1300000,0.245253114,0,-0.106915203916512
Y492G,1300000,0.245253114,0,-0.106915203916512
P513G,1300000,0.245253114,0,-0.106915203916512
I529V,1300000,0.245253114,0,-0.106915203916512
R546V,1300000,0.245253114,0,-0.106915203916512
K22V,1200000,0.226384442,0,-0.222392421336448
K30G,1200000,0.226384442,0,-0.222392421336448
G34A,1200000,0.226384442,0,-0.222392421336448
V37G,1200000,0.226384442,0,-0.222392421336448
R41V,1200000,0.226384442,0,-0.222392421336448
G53A,1200000,0.226384442,0,-0.222392421336448
N62G,1200000,0.226384442,0,-0.222392421336448
T63V,1200000,0.226384442,0,-0.222392421336448
S128V,1200000,0.226384442,0,-0.222392421336448
T143V,1200000,0.226384442,0,-0.222392421336448
G147V,1200000,0.226384442,0,-0.222392421336448
T150V,1200000,0.226384442,0,-0.222392421336448
A170V,1200000,0.226384442,0,-0.222392421336448
F178V,1200000,0.226384442,0,-0.222392421336448
P210G,1200000,0.226384442,0,-0.222392421336448
L222G,1200000,0.226384442,0,-0.222392421336448
E232G,1200000,0.226384442,0,-0.222392421336448
E236V,1200000,0.226384442,0,-0.222392421336448
K244V,1200000,0.226384442,0,-0.222392421336448
D253G,1200000,0.226384442,0,-0.222392421336448
G271V,1200000,0.226384442,0,-0.222392421336448
M278V,1200000,0.226384442,0,-0.222392421336448
T298G,1200000,0.226384442,0,-0.222392421336448
V318G,1200000,0.226384442,0,-0.222392421336448
N334G,1200000,0.226384442,0,-0.222392421336448
V347G,1200000,0.226384442,0,-0.222392421336448
G360A,1200000,0.226384442,0,-0.222392421336448
P368V,1200000,0.226384442,0,-0.222392421336448
V373A,1200000,0.226384442,0,-0.222392421336448
L384G,1200000,0.226384442,0,-0.222392421336448
L384V,1200000,0.226384442,0,-0.222392421336448
D391G,1200000,0.226384442,0,-0.222392421336448
A396G,1200000,0.226384442,0,-0.222392421336448
A397G,1200000,0.226384442,0,-0.222392421336448
M398V,1200000,0.226384442,0,-0.222392421336448
D417V,1200000,0.226384442,0,-0.222392421336448
M424V,1200000,0.226384442,0,-0.222392421336448
S432G,1200000,0.226384442,0,-0.222392421336448
E441G,1200000,0.226384442,0,-0.222392421336448
I456V,1200000,0.226384442,0,-0.222392421336448
D493V,1200000,0.226384442,0,-0.222392421336448
G504A,1200000,0.226384442,0,-0.222392421336448
K506V,1200000,0.226384442,0,-0.222392421336448
S510G,1200000,0.226384442,0,-0.222392421336448
V536A,1200000,0.226384442,0,-0.222392421336448
R28G,1100000,0.207515769,0,-0.347923303420307
K58V,1100000,0.207515769,0,-0.347923303420307
S66G,1100000,0.207515769,0,-0.347923303420307
S66V,1100000,0.207515769,0,-0.347923303420307
L67V,1100000,0.207515769,0,-0.347923303420307
I72V,1100000,0.207515769,0,-0.347923303420307
S85G,1100000,0.207515769,0,-0.347923303420307
S90G,1100000,0.207515769,0,-0.347923303420307
Y103V,1100000,0.207515769,0,-0.347923303420307
S115V,1100000,0.207515769,0,-0.347923303420307
S160G,1100000,0.207515769,0,-0.347923303420307
F180G,1100000,0.207515769,0,-0.347923303420307
T194V,1100000,0.207515769,0,-0.347923303420307
N206G,1100000,0.207515769,0,-0.347923303420307
L222V,1100000,0.207515769,0,-0.347923303420307
T228V,1100000,0.207515769,0,-0.347923303420307
E236G,1100000,0.207515769,0,-0.347923303420307
W237G,1100000,0.207515769,0,-0.347923303420307
G239V,1100000,0.207515769,0,-0.347923303420307
S243V,1100000,0.207515769,0,-0.347923303420307
G263A,1100000,0.207515769,0,-0.347923303420307
G263V,1100000,0.207515769,0,-0.347923303420307
N272G,1100000,0.207515769,0,-0.347923303420307
T273G,1100000,0.207515769,0,-0.347923303420307
G289A,1100000,0.207515769,0,-0.347923303420307
L325V,1100000,0.207515769,0,-0.347923303420307
K339V,1100000,0.207515769,0,-0.347923303420307
A351G,1100000,0.207515769,0,-0.347923303420307
D375V,1100000,0.207515769,0,-0.347923303420307
K383G,1100000,0.207515769,0,-0.347923303420307
G389V,1100000,0.207515769,0,-0.347923303420307
M398G,1100000,0.207515769,0,-0.347923303420307
Q401G,1100000,0.207515769,0,-0.347923303420307
D405V,1100000,0.207515769,0,-0.347923303420307
D417G,1100000,0.207515769,0,-0.347923303420307
P431G,1100000,0.207515769,0,-0.347923303420307
V433A,1100000,0.207515769,0,-0.347923303420307
S438V,1100000,0.207515769,0,-0.347923303420307
I442V,1100000,0.207515769,0,-0.347923303420307
E449G,1100000,0.207515769,0,-0.347923303420307
E449V,1100000,0.207515769,0,-0.347923303420307
A478V,1100000,0.207515769,0,-0.347923303420307
Y479V,1100000,0.207515769,0,-0.347923303420307
K482G,1100000,0.207515769,0,-0.347923303420307
L499G,1100000,0.207515769,0,-0.347923303420307
M501V,1100000,0.207515769,0,-0.347923303420307
Q512V,1100000,0.207515769,0,-0.347923303420307
V523A,1100000,0.207515769,0,-0.347923303420307
A535V,1100000,0.207515769,0,-0.347923303420307
L45G,1000000,0.188647097,0,-0.485426827170242
Y74V,1000000,0.188647097,0,-0.485426827170242
V91A,1000000,0.188647097,0,-0.485426827170242
G99A,1000000,0.188647097,0,-0.485426827170242
P121V,1000000,0.188647097,0,-0.485426827170242
H132G,1000000,0.188647097,0,-0.485426827170242
T184V,1000000,0.188647097,0,-0.485426827170242
S231V,1000000,0.188647097,0,-0.485426827170242
E238V,1000000,0.188647097,0,-0.485426827170242
G242V,1000000,0.188647097,0,-0.485426827170242
L264G,1000000,0.188647097,0,-0.485426827170242
V299A,1000000,0.188647097,0,-0.485426827170242
G312A,1000000,0.188647097,0,-0.485426827170242
P313G,1000000,0.188647097,0,-0.485426827170242
N314G,1000000,0.188647097,0,-0.485426827170242
D328G,1000000,0.188647097,0,-0.485426827170242
G341V,1000000,0.188647097,0,-0.485426827170242
A351V,1000000,0.188647097,0,-0.485426827170242
A356V,1000000,0.188647097,0,-0.485426827170242
V373G,1000000,0.188647097,0,-0.485426827170242
I451V,1000000,0.188647097,0,-0.485426827170242
D466V,1000000,0.188647097,0,-0.485426827170242
N490V,1000000,0.188647097,0,-0.485426827170242
S491V,1000000,0.188647097,0,-0.485426827170242
S524V,1000000,0.188647097,0,-0.485426827170242
N216V,990000,0.18676023,0,-0.499926396865357
G147A,980000,0.184873363,0,-0.514573172829758
F296V,980000,0.184873363,0,-0.514573172829758
R324G,980000,0.184873363,0,-0.514573172829758
L499V,980000,0.184873363,0,-0.514573172829758
Q512G,980000,0.184873363,0,-0.514573172829758
V159G,970000,0.182986496,0,-0.529370174757839
F204V,970000,0.182986496,0,-0.529370174757839
F531V,970000,0.182986496,0,-0.529370174757839
D421V,960000,0.181099628,0,-0.54432051622381
S480V,960000,0.181099628,0,-0.54432051622381
K30V,950000,0.179212761,0,-0.559427408614019
K339G,950000,0.179212761,0,-0.559427408614019
S358G,950000,0.179212761,0,-0.559427408614019
S525V,950000,0.179212761,0,-0.559427408614019
I81G,940000,0.177325894,0,-0.574694165267329
I467V,940000,0.177325894,0,-0.574694165267329
G483V,940000,0.177325894,0,-0.574694165267329
R28V,930000,0.175439027,0,-0.590124205836935
V75A,930000,0.175439027,0,-0.590124205836935
G239A,930000,0.175439027,0,-0.590124205836935
I265V,930000,0.175439027,0,-0.590124205836935
H353V,930000,0.175439027,0,-0.590124205836935
V359A,930000,0.175439027,0,-0.590124205836935
F372G,930000,0.175439027,0,-0.590124205836935
E430G,930000,0.175439027,0,-0.590124205836935
E232V,920000,0.17355216,0,-0.605721060887954
G242A,920000,0.17355216,0,-0.605721060887954
D331V,920000,0.17355216,0,-0.605721060887954
L414V,920000,0.17355216,0,-0.605721060887954
R420V,920000,0.17355216,0,-0.605721060887954
K462V,920000,0.17355216,0,-0.605721060887954
A281V,910000,0.171665292,0,-0.62148837674627
T77V,900000,0.169778425,0,-0.637429920615292
A279G,900000,0.169778425,0,-0.637429920615292
I293V,900000,0.169778425,0,-0.637429920615292
I519V,900000,0.169778425,0,-0.637429920615292
E229G,890000,0.167891558,0,-0.653549585978569
S303V,890000,0.167891558,0,-0.653549585978569
S350V,890000,0.167891558,0,-0.653549585978569
Q363G,890000,0.167891558,0,-0.653549585978569
S491G,890000,0.167891558,0,-0.653549585978569
K261G,880000,0.166004691,0,-0.669851398307669
D375G,880000,0.166004691,0,-0.669851398307669
P513V,880000,0.166004691,0,-0.669851398307669
V543G,880000,0.166004691,0,-0.669851398307669
K58G,870000,0.164117824,0,-0.686339521096238
Y306V,870000,0.164117824,0,-0.686339521096238
Y422G,870000,0.164117824,0,-0.686339521096238
K428V,870000,0.164117824,0,-0.686339521096238
Y44G,860000,0.162230956,0,-0.703018262242868
K51G,860000,0.162230956,0,-0.703018262242868
N136G,860000,0.162230956,0,-0.703018262242868
D181V,860000,0.162230956,0,-0.703018262242868
A282G,860000,0.162230956,0,-0.703018262242868
A282V,860000,0.162230956,0,-0.703018262242868
T143G,850000,0.160344089,0,-0.719892080807265
V402G,850000,0.160344089,0,-0.719892080807265
L498G,850000,0.160344089,0,-0.719892080807265
S525G,850000,0.160344089,0,-0.719892080807265
I544G,850000,0.160344089,0,-0.719892080807265
R47G,840000,0.158457222,0,-0.736965594166206
Y52G,840000,0.158457222,0,-0.736965594166206
N68G,840000,0.158457222,0,-0.736965594166206
K387G,840000,0.158457222,0,-0.736965594166206
T484V,840000,0.158457222,0,-0.736965594166206
T275G,830000,0.156570355,0,-0.754243585598042
N399V,830000,0.156570355,0,-0.754243585598042
Q401V,830000,0.156570355,0,-0.754243585598042
S494G,830000,0.156570355,0,-0.754243585598042
K51V,820000,0.154683487,0,-0.771731012326883
S126G,820000,0.154683487,0,-0.771731012326883
D233V,820000,0.154683487,0,-0.771731012326883
A98G,810000,0.15279662,0,-0.789433014060342
G158A,810000,0.15279662,0,-0.789433014060342
E229V,810000,0.15279662,0,-0.789433014060342
I469V,810000,0.15279662,0,-0.789433014060342
P521G,810000,0.15279662,0,-0.789433014060342
E542V,810000,0.15279662,0,-0.789433014060342
H357V,800000,0.150909753,0,-0.807354922057604
D405G,800000,0.150909753,0,-0.807354922057604
Q530V,800000,0.150909753,0,-0.807354922057604
L240V,790000,0.149022886,0,-0.825502268767864
K244G,790000,0.149022886,0,-0.825502268767864
F311V,790000,0.149022886,0,-0.825502268767864
G474A,790000,0.149022886,0,-0.825502268767864
I540V,790000,0.149022886,0,-0.825502268767864
V36G,780000,0.147136019,0,-0.843880798082718
T141G,780000,0.147136019,0,-0.843880798082718
L336V,780000,0.147136019,0,-0.843880798082718
G89A,770000,0.145249151,0,-0.862496476250065
G130V,770000,0.145249151,0,-0.862496476250065
L148V,770000,0.145249151,0,-0.862496476250065
S315G,770000,0.145249151,0,-0.862496476250065
L61V,760000,0.143362284,0,-0.881355503501381
S438G,760000,0.143362284,0,-0.881355503501381
M501G,760000,0.143362284,0,-0.881355503501381
T88V,750000,0.141475417,0,-0.900464326449086
G185V,750000,0.141475417,0,-0.900464326449086
P198G,750000,0.141475417,0,-0.900464326449086
P250G,750000,0.141475417,0,-0.900464326449086
P250V,750000,0.141475417,0,-0.900464326449086
Y492V,750000,0.141475417,0,-0.900464326449086
D493G,750000,0.141475417,0,-0.900464326449086
L67G,740000,0.13958855,0,-0.919829651316017
I224V,740000,0.13958855,0,-0.919829651316017
T228G,740000,0.13958855,0,-0.919829651316017
S230G,740000,0.13958855,0,-0.919829651316017
I265G,740000,0.13958855,0,-0.919829651316017
V26A,730000,0.137701683,0,-0.939458458064949
V32G,730000,0.137701683,0,-0.939458458064949
N173G,730000,0.137701683,0,-0.939458458064949
P210V,730000,0.137701683,0,-0.939458458064949
Y227V,730000,0.137701683,0,-0.939458458064949
Y514V,730000,0.137701683,0,-0.939458458064949
D38G,720000,0.135814815,0,-0.959358015502654
G56A,720000,0.135814815,0,-0.959358015502654
Y475V,720000,0.135814815,0,-0.959358015502654
N69V,710000,0.133927948,0,-0.979535897440285
F404G,710000,0.133927948,0,-0.979535897440285
S477V,700000,0.132041081,0,-1
G360V,690000,0.130154214,0,-1.0207585601668
E415G,690000,0.130154214,0,-1.0207585601668
G508A,690000,0.130154214,0,-1.0207585601668
V129G,680000,0.128267346,0,-1.04182017569463
T175G,680000,0.128267346,0,-1.04182017569463
F348V,680000,0.128267346,0,-1.04182017569463
S358V,680000,0.128267346,0,-1.04182017569463
M367V,680000,0.128267346,0,-1.04182017569463
A520V,680000,0.128267346,0,-1.04182017569463
G96A,670000,0.126380479,0,-1.06319382648719
D104G,670000,0.126380479,0,-1.06319382648719
D280V,670000,0.126380479,0,-1.06319382648719
L349V,670000,0.126380479,0,-1.06319382648719
L434V,670000,0.126380479,0,-1.06319382648719
Y112G,660000,0.124493612,0,-1.08488889758651
D295G,660000,0.124493612,0,-1.08488889758651
I316G,660000,0.124493612,0,-1.08488889758651
E319V,660000,0.124493612,0,-1.08488889758651
T485V,660000,0.124493612,0,-1.08488889758651
T541G,660000,0.124493612,0,-1.08488889758651
V78G,650000,0.122606745,0,-1.10691520391651
L168V,650000,0.122606745,0,-1.10691520391651
T294G,650000,0.122606745,0,-1.10691520391651
G285V,640000,0.120719878,0,-1.12928301694497
G308A,640000,0.120719878,0,-1.12928301694497
M516V,640000,0.120719878,0,-1.12928301694497
K155G,630000,0.11883301,0,-1.15200309344505
D328V,630000,0.11883301,0,-1.15200309344505
V423G,630000,0.11883301,0,-1.15200309344505
L45V,620000,0.116946143,0,-1.17508670655809
H132V,620000,0.116946143,0,-1.17508670655809
T220G,620000,0.116946143,0,-1.17508670655809
V235G,620000,0.116946143,0,-1.17508670655809
G341A,620000,0.116946143,0,-1.17508670655809
D473V,620000,0.116946143,0,-1.17508670655809
W489V,620000,0.116946143,0,-1.17508670655809
I544V,620000,0.116946143,0,-1.17508670655809
G53V,610000,0.115059276,0,-1.19854567938208
L301V,610000,0.115059276,0,-1.19854567938208
V359G,610000,0.115059276,0,-1.19854567938208
Y65G,600000,0.113172409,0,-1.22239242133645
E106V,600000,0.113172409,0,-1.22239242133645
Q468V,600000,0.113172409,0,-1.22239242133645
K472G,600000,0.113172409,0,-1.22239242133645
P247G,590000,0.111285542,0,-1.24663996758313
L323G,590000,0.111285542,0,-1.24663996758313
K366V,590000,0.111285542,0,-1.24663996758313
L264V,580000,0.109398674,0,-1.27130202181739
N381V,580000,0.109398674,0,-1.27130202181739
K428G,570000,0.107511807,0,-1.29639300278022
E509V,570000,0.107511807,0,-1.29639300278022
Y251V,560000,0.10562494,0,-1.32192809488736
Y459V,560000,0.10562494,0,-1.32192809488736
L498V,560000,0.10562494,0,-1.32192809488736
W503G,560000,0.10562494,0,-1.32192809488736
V33G,550000,0.103738073,0,-1.34792330342031
V157A,550000,0.103738073,0,-1.34792330342031
E317V,550000,0.103738073,0,-1.34792330342031
S93G,540000,0.101851205,0,-1.3743955147815
T140G,540000,0.101851205,0,-1.3743955147815
L241G,540000,0.101851205,0,-1.3743955147815
P247V,540000,0.101851205,0,-1.3743955147815
T248V,540000,0.101851205,0,-1.3743955147815
H365G,540000,0.101851205,0,-1.3743955147815
K366G,540000,0.101851205,0,-1.3743955147815
L414G,540000,0.101851205,0,-1.3743955147815
N457G,540000,0.101851205,0,-1.3743955147815
K155V,530000,0.099964338,0,-1.40136256238177
N205V,530000,0.099964338,0,-1.40136256238177
S230V,530000,0.099964338,0,-1.40136256238177
E319G,530000,0.099964338,0,-1.40136256238177
N392V,530000,0.099964338,0,-1.40136256238177
V419G,530000,0.099964338,0,-1.40136256238177
T140V,520000,0.098077471,0,-1.42884329880387
A149V,520000,0.098077471,0,-1.42884329880387
F311G,520000,0.098077471,0,-1.42884329880387
D466G,520000,0.098077471,0,-1.42884329880387
W138V,510000,0.096190604,0,-1.45685767497347
S350G,510000,0.096190604,0,-1.45685767497347
L416V,510000,0.096190604,0,-1.45685767497347
S446G,510000,0.096190604,0,-1.45685767497347
F187V,500000,0.094303737,0,-1.48542682717024
W237V,500000,0.094303737,0,-1.48542682717024
E542G,500000,0.094303737,0,-1.48542682717024
S139G,490000,0.092416869,0,-1.51457317282976
Y227G,490000,0.092416869,0,-1.51457317282976
H95V,480000,0.090530002,0,-1.54432051622381
N136V,480000,0.090530002,0,-1.54432051622381
N399G,480000,0.090530002,0,-1.54432051622381
I470V,480000,0.090530002,0,-1.54432051622381
W138G,470000,0.088643135,0,-1.57469416526733
S154V,470000,0.088643135,0,-1.57469416526733
F249V,470000,0.088643135,0,-1.57469416526733
M288V,470000,0.088643135,0,-1.57469416526733
L346G,470000,0.088643135,0,-1.57469416526733
R420G,470000,0.088643135,0,-1.57469416526733
G483A,470000,0.088643135,0,-1.57469416526733
T517G,470000,0.088643135,0,-1.57469416526733
G176V,460000,0.086756268,0,-1.60572106088795
T246G,460000,0.086756268,0,-1.60572106088795
M376G,460000,0.086756268,0,-1.60572106088795
F500V,460000,0.086756268,0,-1.60572106088795
G534V,460000,0.086756268,0,-1.60572106088795
A80G,450000,0.0848694,0,-1.63742992061529
D233G,450000,0.0848694,0,-1.63742992061529
N272V,450000,0.0848694,0,-1.63742992061529
F361V,450000,0.0848694,0,-1.63742992061529
V436G,450000,0.0848694,0,-1.63742992061529
R463V,450000,0.0848694,0,-1.63742992061529
Y112V,440000,0.082982533,0,-1.66985139830767
T248G,440000,0.082982533,0,-1.66985139830767
P27G,430000,0.081095666,0,-1.70301826224287
R59V,430000,0.081095666,0,-1.70301826224287
F152G,430000,0.081095666,0,-1.70301826224287
W218V,430000,0.081095666,0,-1.70301826224287
A355V,430000,0.081095666,0,-1.70301826224287
Y403G,430000,0.081095666,0,-1.70301826224287
M424G,430000,0.081095666,0,-1.70301826224287
K256V,420000,0.079208799,0,-1.73696559416621
G370A,420000,0.079208799,0,-1.73696559416621
W503V,420000,0.079208799,0,-1.73696559416621
P169G,410000,0.077321932,0,-1.77173101232688
E238G,410000,0.077321932,0,-1.77173101232688
S315V,410000,0.077321932,0,-1.77173101232688
F388G,410000,0.077321932,0,-1.77173101232688
L437G,410000,0.077321932,0,-1.77173101232688
I496V,410000,0.077321932,0,-1.77173101232688
Y46G,400000,0.075435064,0,-1.8073549220576
A177G,400000,0.075435064,0,-1.8073549220576
S190G,400000,0.075435064,0,-1.8073549220576
M60G,390000,0.073548197,0,-1.84388079808272
V122G,390000,0.073548197,0,-1.84388079808272
Y193V,390000,0.073548197,0,-1.84388079808272
L409G,390000,0.073548197,0,-1.84388079808272
L416G,390000,0.073548197,0,-1.84388079808272
R164G,380000,0.07166133,0,-1.88135550350138
N173V,380000,0.07166133,0,-1.88135550350138
D73G,370000,0.069774463,0,-1.91982965131602
V201G,370000,0.069774463,0,-1.91982965131602
S432V,370000,0.069774463,0,-1.91982965131602
T439G,370000,0.069774463,0,-1.91982965131602
K472V,370000,0.069774463,0,-1.91982965131602
G504V,370000,0.069774463,0,-1.91982965131602
P532V,370000,0.069774463,0,-1.91982965131602
L137G,360000,0.067887596,0,-1.95935801550265
H172V,360000,0.067887596,0,-1.95935801550265
W489G,360000,0.067887596,0,-1.95935801550265
N100V,350000,0.066000728,0,-2
N344V,350000,0.066000728,0,-2
L434G,350000,0.066000728,0,-2
N69G,340000,0.064113861,0,-2.04182017569463
D181G,340000,0.064113861,0,-2.04182017569463
F249G,340000,0.064113861,0,-2.04182017569463
G354A,340000,0.064113861,0,-2.04182017569463
P368G,340000,0.064113861,0,-2.04182017569463
I394G,340000,0.064113861,0,-2.04182017569463
M278G,330000,0.062226994,0,-2.08488889758651
E317G,330000,0.062226994,0,-2.08488889758651
H309G,320000,0.060340127,0,-2.12928301694497
G458V,320000,0.060340127,0,-2.12928301694497
N460V,320000,0.060340127,0,-2.12928301694497
V536G,320000,0.060340127,0,-2.12928301694497
M40G,310000,0.058453259,0,-2.17508670655809
Y48G,310000,0.058453259,0,-2.17508670655809
H83G,310000,0.058453259,0,-2.17508670655809
D163G,310000,0.058453259,0,-2.17508670655809
L197G,310000,0.058453259,0,-2.17508670655809
I467G,310000,0.058453259,0,-2.17508670655809
T191V,300000,0.056566392,0,-2.22239242133645
V75G,290000,0.054679525,0,-2.27130202181739
A302V,290000,0.054679525,0,-2.27130202181739
D440V,290000,0.054679525,0,-2.27130202181739
G474V,290000,0.054679525,0,-2.27130202181739
Y103G,280000,0.052792658,0,-2.32192809488736
T189G,280000,0.052792658,0,-2.32192809488736
Y251G,280000,0.052792658,0,-2.32192809488736
S494V,280000,0.052792658,0,-2.32192809488736
G34V,270000,0.050905791,0,-2.3743955147815
Y48V,270000,0.050905791,0,-2.3743955147815
S85V,270000,0.050905791,0,-2.3743955147815
S90V,270000,0.050905791,0,-2.3743955147815
N100G,270000,0.050905791,0,-2.3743955147815
V157G,270000,0.050905791,0,-2.3743955147815
P169V,270000,0.050905791,0,-2.3743955147815
D518G,270000,0.050905791,0,-2.3743955147815
V26G,260000,0.049018923,0,-2.42884329880387
T77G,260000,0.049018923,0,-2.42884329880387
T88G,260000,0.049018923,0,-2.42884329880387
L161G,260000,0.049018923,0,-2.42884329880387
R164A,260000,0.049018923,0,-2.42884329880387
G458A,260000,0.049018923,0,-2.42884329880387
D43G,250000,0.047132056,0,-2.48542682717024
D73V,250000,0.047132056,0,-2.48542682717024
T114G,250000,0.047132056,0,-2.48542682717024
D337V,250000,0.047132056,0,-2.48542682717024
F371G,250000,0.047132056,0,-2.48542682717024
L427G,250000,0.047132056,0,-2.48542682717024
R463G,250000,0.047132056,0,-2.48542682717024
K528V,250000,0.047132056,0,-2.48542682717024
D43V,240000,0.045245189,0,-2.54432051622381
D144G,240000,0.045245189,0,-2.54432051622381
R164V,240000,0.045245189,0,-2.54432051622381
I456G,240000,0.045245189,0,-2.54432051622381
G465A,240000,0.045245189,0,-2.54432051622381
G508V,240000,0.045245189,0,-2.54432051622381
N68V,230000,0.043358322,0,-2.60572106088795
P92G,230000,0.043358322,0,-2.60572106088795
V142G,230000,0.043358322,0,-2.60572106088795
G158V,230000,0.043358322,0,-2.60572106088795
P174G,230000,0.043358322,0,-2.60572106088795
G308V,230000,0.043358322,0,-2.60572106088795
S445G,230000,0.043358322,0,-2.60572106088795
T522V,230000,0.043358322,0,-2.60572106088795
T79S,220000,0.041471455,0,-2.66985139830767
G217A,220000,0.041471455,0,-2.66985139830767
W218G,220000,0.041471455,0,-2.66985139830767
M362V,220000,0.041471455,0,-2.66985139830767
Y475G,220000,0.041471455,0,-2.66985139830767
P497G,220000,0.041471455,0,-2.66985139830767
G502A,220000,0.041471455,0,-2.66985139830767
E509G,220000,0.041471455,0,-2.66985139830767
L526G,220000,0.041471455,0,-2.66985139830767
I529G,220000,0.041471455,0,-2.66985139830767
R59G,210000,0.039584587,0,-2.73696559416621
D116V,210000,0.039584587,0,-2.73696559416621
W200V,210000,0.039584587,0,-2.73696559416621
D320G,210000,0.039584587,0,-2.73696559416621
M362G,210000,0.039584587,0,-2.73696559416621
H495V,210000,0.039584587,0,-2.73696559416621
P29V,200000,0.03769772,0,-2.8073549220576
A80V,200000,0.03769772,0,-2.8073549220576
L148G,200000,0.03769772,0,-2.8073549220576
M288G,200000,0.03769772,0,-2.8073549220576
K452G,200000,0.03769772,0,-2.8073549220576
V455G,200000,0.03769772,0,-2.8073549220576
P29G,190000,0.035810853,0,-2.88135550350138
P174V,190000,0.035810853,0,-2.88135550350138
Y435V,190000,0.035810853,0,-2.88135550350138
I86G,180000,0.033923986,0,-2.95935801550265
P134G,180000,0.033923986,0,-2.95935801550265
N457V,180000,0.033923986,0,-2.95935801550265
W461G,180000,0.033923986,0,-2.95935801550265
I470G,180000,0.033923986,0,-2.95935801550265
I505G,180000,0.033923986,0,-2.95935801550265
S510V,180000,0.033923986,0,-2.95935801550265
Y514G,180000,0.033923986,0,-2.95935801550265
T517V,180000,0.033923986,0,-2.95935801550265
Y74G,170000,0.032037118,0,-3.04182017569463
N151G,170000,0.032037118,0,-3.04182017569463
G171A,170000,0.032037118,0,-3.04182017569463
F187G,170000,0.032037118,0,-3.04182017569463
L274G,170000,0.032037118,0,-3.04182017569463
W461V,170000,0.032037118,0,-3.04182017569463
G64A,160000,0.030150251,0,-3.12928301694497
D295V,160000,0.030150251,0,-3.12928301694497
F296G,160000,0.030150251,0,-3.12928301694497
D320V,160000,0.030150251,0,-3.12928301694497
V433G,160000,0.030150251,0,-3.12928301694497
I442G,160000,0.030150251,0,-3.12928301694497
I519G,160000,0.030150251,0,-3.12928301694497
L301G,150000,0.028263384,0,-3.22239242133645
K452V,150000,0.028263384,0,-3.22239242133645
K528G,150000,0.028263384,0,-3.22239242133645
G99V,140000,0.026376517,0,-3.32192809488736
L146G,140000,0.026376517,0,-3.32192809488736
D163V,140000,0.026376517,0,-3.32192809488736
D337G,140000,0.026376517,0,-3.32192809488736
F348G,140000,0.026376517,0,-3.32192809488736
M367G,140000,0.026376517,0,-3.32192809488736
L527G,140000,0.026376517,0,-3.32192809488736
N300V,130000,0.02448965,0,-3.42884329880387
P92V,120000,0.022602782,0,-3.54432051622381
T304V,120000,0.022602782,0,-3.54432051622381
V340G,120000,0.022602782,0,-3.54432051622381
D352G,120000,0.022602782,0,-3.54432051622381
I451G,120000,0.022602782,0,-3.54432051622381
G537A,120000,0.022602782,0,-3.54432051622381
V111G,110000,0.020715915,0,-3.66985139830767
Y192V,110000,0.020715915,0,-3.66985139830767
L349G,110000,0.020715915,0,-3.66985139830767
G370V,110000,0.020715915,0,-3.66985139830767
Q386G,110000,0.020715915,0,-3.66985139830767
V119G,100000,0.018829048,0,-3.8073549220576
L168G,100000,0.018829048,0,-3.8073549220576
D305G,100000,0.018829048,0,-3.8073549220576
F152V,99000,0.018640361,0,-3.82185449175272
G82A,97000,0.018262988,0,-3.8512982696452
V91G,95000,0.017885614,0,-3.88135550350138
Y345G,88000,0.016564807,0,-3.99177949319503
G537V,87000,0.016376121,0,-4.0082676159836
R454G,83000,0.015621374,0,-4.0761716804854
R454V,81000,0.015244,0,-4.1113611089477
N100A,77000,0.014489253,0,-4.18442457113743
P448G,76000,0.014300567,0,-4.20328359838874
P76V,71000,0.013357133,0,-4.30146399232765
M40V,70000,0.013168446,0,-4.32192809488736
F333G,65000,0.012225013,0,-4.42884329880387
F361G,64000,0.012036326,0,-4.45121111183233
V70G,62000,0.011658953,0,-4.49701480144545
W200G,61000,0.011470266,0,-4.52047377426944
Y322G,61000,0.011470266,0,-4.52047377426944
I540G,61000,0.011470266,0,-4.52047377426944
S533V,59000,0.011092892,0,-4.56856806247049
A165V,58000,0.010904206,0,-4.59323011670476
W102V,57000,0.010715519,0,-4.61832109766759
S93V,55000,0.010338145,0,-4.66985139830767
Y435G,54000,0.010149459,0,-4.69632360966886
I283G,49000,0.009206025,0,-4.83650126771712
H95G,47000,0.008828652,0,-4.89662226015469
Q39V,46000,0.008639965,0,-4.92764915577532
W179V,46000,0.008639965,0,-4.92764915577532
H486G,43000,0.008073905,0,-5.02494635713023
I72G,35000,0.006564411,0,-5.32192809488736
L276G,33000,0.006187038,0,-5.40681699247388
F204G,30000,0.005620977,0,-5.54432051622381
S464V,30000,0.005620977,0,-5.54432051622381
I94G,29000,0.005432291,0,-5.59323011670476
G312V,28000,0.005243604,0,-5.64385618977472
T522G,28000,0.005243604,0,-5.64385618977472
L35G,24000,0.004488857,0,-5.86624861111117
L325G,22000,0.004111484,0,-5.99177949319503
Y459G,22000,0.004111484,0,-5.99177949319503
D116G,18000,0.003356737,0,-6.28128611039002
F178G,18000,0.003356737,0,-6.28128611039002
D518V,18000,0.003356737,0,-6.28128611039002
D326G,17000,0.00316805,0,-6.36374827058199
V299G,14000,0.00260199,0,-6.64385618977472
I447G,11000,0.00203593,0,-6.99177949319503
D144V,9500,0.0017529,0,-7.20328359838874
L297G,7600,0.001394395,0,-7.52521169327611
F332G,7500,0.001375526,0,-7.54432051622381
I496G,7500,0.001375526,0,-7.54432051622381
H486V,6900,0.001262314,0,-7.66461474994152
G465V,6400,0.001167971,0,-7.77313920671969
H309V,5200,0.000941547,0,-8.0726994885786
L31G,5000,0.000903809,0,-8.12928301694497
L336G,4600,0.000828335,0,-8.24957725066268
L329G,2800,0.000488699,0,-8.96578428466209
F57G,2200,0.000375487,0,-9.31370758808239
G96V,2200,0.000375487,0,-9.31370758808239
G56V,2000,0.000337749,0,-9.45121111183233
T79G,1500,0.000243406,0,-9.86624861111117
G502V,1500,0.000243406,0,-9.86624861111117
V523G,1500,0.000243406,0,-9.86624861111117
I97G,1400,0.000224537,0,-9.96578428466209
G82V,1300,0.000205669,0,-10.0726994885786
G89V,1300,0.000205669,0,-10.0726994885786
W102G,1300,0.000205669,0,-10.0726994885786
S133V,1300,0.000205669,0,-10.0726994885786
S160V,1300,0.000205669,0,-10.0726994885786
G354V,1300,0.000205669,0,-10.0726994885786
I167G,1200,0.0001868,0,-10.1881767059985
H353G,1100,0.000167931,0,-10.3137075880824
H495G,1100,0.000167931,0,-10.3137075880824
T79V,800,0.000111325,0,-10.7731392067197
F500G,730,0.0000981,0,-10.905242742727
D326V,700,0.0000925,0,-10.9657842846621
K162V,670,0.0000868,0,-11.0289781111493
D38V,600,0.0000736,0,-11.1881767059985
Y193G,600,0.0000736,0,-11.1881767059985
S190V,470,0.0000491,0,-11.5404784499294
D352V,460,0.0000472,0,-11.57150534555
W179G,420,0.0000396,0,-11.7027498788283
G64V,380,0.0000321,0,-11.8471397881635
G171V,380,0.0000321,0,-11.8471397881635
K162A,340,0.0000245,0,-12.0076044603567
K162G,280,0.0000132,0,-12.2877123795495
D305V,210,0,0,-12.7027498788283
