variant,linear,seq,activity_binary,activity,activity_scaled
V3R,3.462110809,DRPLPAGWEMAKTSSGQRYFLNHIDQTTTWQDPR,1,1.24187846346306,1.0
D26R,3.159291618,DVPLPAGWEMAKTSSGQRYFLNHIRQTTTWQDPR,1,1.15034783094964,0.981462213404993
V3P,2.75929815,DPPLPAGWEMAKTSSGQRYFLNHIDQTTTWQDPR,1,1.01497635391273,0.954045298614273
V3N,2.749499045,DNPLPAGWEMAKTSSGQRYFLNHIDQTTTWQDPR,1,1.01141872962979,0.95332476956371
L22K,2.702899304,DVPLPAGWEMAKTSSGQRYFKNHIDQTTTWQDPR,1,0.994325013178261,0.949862762812609
D2P,2.502210796,PVPLPAGWEMAKTSSGQRYFLNHIDQTTTWQDPR,1,0.917174659495004,0.934237427850569
D2R,2.470139561,RVPLPAGWEMAKTSSGQRYFLNHIDQTTTWQDPR,1,0.904274651472834,0.931624776880919
D26K,2.430656901,DVPLPAGWEMAKTSSGQRYFLNHIKQTTTWQDPR,1,0.888161550449616,0.928361375110934
Q27R,2.280922616,DVPLPAGWEMAKTSSGQRYFLNHIDRTTTWQDPR,1,0.824580017255485,0.91548414634751
M11E,2.207094488,DVPLPAGWEEAKTSSGQRYFLNHIDQTTTWQDPR,1,0.791676939226302,0.908820254467003
Q18Y,2.203458399,DVPLPAGWEMAKTSSGYRYFLNHIDQTTTWQDPR,1,0.790028125611814,0.908486318667796
V3H,2.200604356,DHPLPAGWEMAKTSSGQRYFLNHIDQTTTWQDPR,1,0.788732029911863,0.90822381916536
Q27K,2.118778549,DVPLPAGWEMAKTSSGQRYFLNHIDKTTTWQDPR,1,0.750839766510121,0.900549462796848
E10G,2.099319313,DVPLPAGWGMAKTSSGQRYFLNHIDQTTTWQDPR,1,0.741613155519067,0.898680788443241
A12R,2.040908081,DVPLPAGWEMRKTSSGQRYFLNHIDQTTTWQDPR,1,0.713394846556808,0.892965707325041
D2K,1.986607392,KVPLPAGWEMAKTSSGQRYFLNHIDQTTTWQDPR,1,0.686428355722428,0.887504158130233
V3G,1.974818609,DGPLPAGWEMAKTSSGQRYFLNHIDQTTTWQDPR,1,0.680476550590905,0.886298733341247
D2V,1.9505742,VVPLPAGWEMAKTSSGQRYFLNHIDQTTTWQDPR,1,0.668123790768827,0.883796917073262
D26Q,1.942447821,DVPLPAGWEMAKTSSGQRYFLNHIQQTTTWQDPR,1,0.66394894112282,0.88295138077925
S15K,1.888502247,DVPLPAGWEMAKTKSGQRYFLNHIDQTTTWQDPR,1,0.635784053002868,0.877247119035365
D2T,1.867418334,TVPLPAGWEMAKTSSGQRYFLNHIDQTTTWQDPR,1,0.624556906948164,0.874973274400864
V3D,1.860249175,DDPLPAGWEMAKTSSGQRYFLNHIDQTTTWQDPR,1,0.620710443806357,0.874194246539805
D26C,1.853621022,DVPLPAGWEMAKTSSGQRYFLNHICQTTTWQDPR,1,0.617141035245651,0.873471330808188
V3S,1.833689529,DSPLPAGWEMAKTSSGQRYFLNHIDQTTTWQDPR,1,0.606330073244195,0.871281776328268
D26A,1.802303014,DVPLPAGWEMAKTSSGQRYFLNHIAQTTTWQDPR,1,0.589065299322831,0.867785125144104
D2L,1.757548039,LVPLPAGWEMAKTSSGQRYFLNHIDQTTTWQDPR,1,0.563919678041784,0.86269235840245
S15Q,1.743019952,DVPLPAGWEMAKTQSGQRYFLNHIDQTTTWQDPR,1,0.555619213402948,0.861011257355851
D26N,1.717223013,DVPLPAGWEMAKTSSGQRYFLNHINQTTTWQDPR,1,0.540708458745975,0.85799136794603
R19I,1.683243439,DVPLPAGWEMAKTSSGQIYFLNHIDQTTTWQDPR,1,0.520722550618933,0.853943602847147
P4G,1.646431217,DVGLPAGWEMAKTSSGQRYFLNHIDQTTTWQDPR,1,0.498610046680772,0.84946513626355
D26S,1.617697497,DVPLPAGWEMAKTSSGQRYFLNHISQTTTWQDPR,1,0.481003840093861,0.845899334394892
D2Q,1.612474668,QVPLPAGWEMAKTSSGQRYFLNHIDQTTTWQDPR,1,0.477770059796949,0.845244393776728
D2G,1.586071832,GVPLPAGWEMAKTSSGQRYFLNHIDQTTTWQDPR,1,0.461260413485901,0.841900679310117
V3L,1.583837055,DLPLPAGWEMAKTSSGQRYFLNHIDQTTTWQDPR,1,0.459850418782641,0.841615111733543
A7L,1.516725344,DVPLPLGWEMAKTSSGQRYFLNHIDQTTTWQDPR,1,0.416553631898023,0.832846172052077
S16Y,1.515227045,DVPLPAGWEMAKTSYGQRYFLNHIDQTTTWQDPR,1,0.415565292419211,0.832646002711622
D2I,1.510918047,IVPLPAGWEMAKTSSGQRYFLNHIDQTTTWQDPR,1,0.412717444228692,0.832069225292291
R19N,1.498533972,DVPLPAGWEMAKTSSGQNYFLNHIDQTTTWQDPR,1,0.404487278188276,0.830402361888105
I25K,1.494868453,DVPLPAGWEMAKTSSGQRYFLNHKDQTTTWQDPR,1,0.40203821166684,0.829906350101835
S15R,1.49171078,DVPLPAGWEMAKTRSGQRYFLNHIDQTTTWQDPR,1,0.399923635805788,0.829478083029111
S15A,1.486004561,DVPLPAGWEMAKTASGQRYFLNHIDQTTTWQDPR,1,0.396091015604451,0.828701858792032
D26W,1.473870464,DVPLPAGWEMAKTSSGQRYFLNHIWQTTTWQDPR,1,0.387891909308404,0.827041285947595
D26H,1.460187346,DVPLPAGWEMAKTSSGQRYFLNHIHQTTTWQDPR,1,0.378564746666126,0.82515224677184
D2E,1.449640362,EVPLPAGWEMAKTSSGQRYFLNHIDQTTTWQDPR,1,0.371315499462,0.823684049798277
T30Q,1.436759988,DVPLPAGWEMAKTSSGQRYFLNHIDQTTQWQDPR,1,0.36239057018249,0.821876475330408
S15H,1.416064987,DVPLPAGWEMAKTHSGQRYFLNHIDQTTTWQDPR,1,0.347881888992406,0.818938018244609
Q32H,1.397860963,DVPLPAGWEMAKTSSGQRYFLNHIDQTTTWHDPR,1,0.334943184645405,0.81631753007126
V3E,1.397016889,DEPLPAGWEMAKTSSGQRYFLNHIDQTTTWQDPR,1,0.334339169679199,0.81619519834213
P4R,1.396370152,DVRLPAGWEMAKTSSGQRYFLNHIDQTTTWQDPR,1,0.333876121056102,0.81610141666137
D2F,1.390984458,FVPLPAGWEMAKTSSGQRYFLNHIDQTTTWQDPR,1,0.330011739622235,0.815318759791473
M11Q,1.372680411,DVPLPAGWEQAKTSSGQRYFLNHIDQTTTWQDPR,1,0.316765332757685,0.812635952332782
R19P,1.372245636,DVPLPAGWEMAKTSSGQPYFLNHIDQTTTWQDPR,1,0.316448548264266,0.812571793666177
Q32R,1.368045172,DVPLPAGWEMAKTSSGQRYFLNHIDQTTTWRDPR,1,0.313382839123031,0.811950892660011
Q18W,1.353130552,DVPLPAGWEMAKTSSGWRYFLNHIDQTTTWQDPR,1,0.302420835294988,0.809730747534409
Q18A,1.343553825,DVPLPAGWEMAKTSSGARYFLNHIDQTTTWQDPR,1,0.295318211538482,0.808292246348006
P4K,1.34184025,DVKLPAGWEMAKTSSGQRYFLNHIDQTTTWQDPR,1,0.294041992715679,0.808033772528521
I25N,1.33377755,DVPLPAGWEMAKTSSGQRYFLNHNDQTTTWQDPR,1,0.288015179465479,0.806813156273479
P4S,1.326588984,DVSLPAGWEMAKTSSGQRYFLNHIDQTTTWQDPR,1,0.28261097413997,0.805718637397242
R19T,1.32468388,DVPLPAGWEMAKTSSGQTYFLNHIDQTTTWQDPR,1,0.281173849841104,0.805427575237708
V3M,1.323938731,DMPLPAGWEMAKTSSGQRYFLNHIDQTTTWQDPR,1,0.280611180764306,0.805313617331126
E10A,1.317981452,DVPLPAGWAMAKTSSGQRYFLNHIDQTTTWQDPR,1,0.276101363143659,0.804400239652657
D26E,1.316201445,DVPLPAGWEMAKTSSGQRYFLNHIEQTTTWQDPR,1,0.274749894896747,0.804126525495295
S16R,1.306861885,DVPLPAGWEMAKTSRGQRYFLNHIDQTTTWQDPR,1,0.26762875576064,0.802684274371343
V3A,1.298013126,DAPLPAGWEMAKTSSGQRYFLNHIDQTTTWQDPR,1,0.260834730711507,0.801308273976465
Q18R,1.272773627,DVPLPAGWEMAKTSSGRRYFLNHIDQTTTWQDPR,1,0.241198477367938,0.797331324795487
Q32N,1.268605223,DVPLPAGWEMAKTSSGQRYFLNHIDQTTTWNDPR,1,0.237918047346186,0.796666936163909
T28R,1.261572505,DVPLPAGWEMAKTSSGQRYFLNHIDQRTTWQDPR,1,0.232358962675241,0.795541049425626
M11S,1.243032612,DVPLPAGWESAKTSSGQRYFLNHIDQTTTWQDPR,1,0.21755404870894,0.792542596032173
D2S,1.238792683,SVPLPAGWEMAKTSSGQRYFLNHIDQTTTWQDPR,1,0.214137262577026,0.791850591067115
D26G,1.237291433,DVPLPAGWEMAKTSSGQRYFLNHIGQTTTWQDPR,1,0.212924662266518,0.791605001965806
E10D,1.233934247,DVPLPAGWDMAKTSSGQRYFLNHIDQTTTWQDPR,1,0.210207639622687,0.791054720769641
S16G,1.224846881,DVPLPAGWEMAKTSGGQRYFLNHIDQTTTWQDPR,1,0.202815841082111,0.78955765273749
S15W,1.199468491,DVPLPAGWEMAKTWSGQRYFLNHIDQTTTWQDPR,1,0.181878534507405,0.785317200000541
V3I,1.199341502,DIPLPAGWEMAKTSSGQRYFLNHIDQTTTWQDPR,1,0.181772657843151,0.785295756698409
D26L,1.198836095,DVPLPAGWEMAKTSSGQRYFLNHILQTTTWQDPR,1,0.181351165283039,0.785210391406854
V3Y,1.198164072,DYPLPAGWEMAKTSSGQRYFLNHIDQTTTWQDPR,1,0.180790445240663,0.785096828240079
S15I,1.19217961,DVPLPAGWEMAKTISGQRYFLNHIDQTTTWQDPR,1,0.175783236822339,0.784082713527368
D2N,1.191825583,NVPLPAGWEMAKTSSGQRYFLNHIDQTTTWQDPR,1,0.175486234950328,0.784022561454008
P4A,1.185524545,DVALPAGWEMAKTSSGQRYFLNHIDQTTTWQDPR,1,0.17018533065315,0.782948964233894
D26I,1.165943121,DVPLPAGWEMAKTSSGQRYFLNHIIQTTTWQDPR,1,0.153530305434852,0.779575806038074
L22I,1.165557394,DVPLPAGWEMAKTSSGQRYFINHIDQTTTWQDPR,1,0.153199422382468,0.77950879197683
A7T,1.142308557,DVPLPTGWEMAKTSSGQRYFLNHIDQTTTWQDPR,1,0.133051264756582,0.775428166331678
D26F,1.138575996,DVPLPAGWEMAKTSSGQRYFLNHIFQTTTWQDPR,1,0.129778355282051,0.774765300843725
D2Y,1.135424459,YVPLPAGWEMAKTSSGQRYFLNHIDQTTTWQDPR,1,0.127006553710234,0.774203925218854
F21Y,1.133935953,DVPLPAGWEMAKTSSGQRYYLNHIDQTTTWQDPR,1,0.125694724874592,0.773938239269391
V3F,1.127986667,DFPLPAGWEMAKTSSGQRYFLNHIDQTTTWQDPR,1,0.120434332970549,0.772872847063028
S15G,1.104197754,DVPLPAGWEMAKTGSGQRYFLNHIDQTTTWQDPR,1,0.0991190568139363,0.768555843784951
S16F,1.103066226,DVPLPAGWEMAKTSFGQRYFLNHIDQTTTWQDPR,1,0.0980937801733768,0.768348193525779
M11K,1.102560146,DVPLPAGWEKAKTSSGQRYFLNHIDQTTTWQDPR,1,0.0976348810458494,0.768255252246328
P4T,1.101012436,DVTLPAGWEMAKTSSGQRYFLNHIDQTTTWQDPR,1,0.0962301528629471,0.767970751303163
S15T,1.098956339,DVPLPAGWEMAKTTSGQRYFLNHIDQTTTWQDPR,1,0.094360946697823,0.767592179189766
D26T,1.09535668,DVPLPAGWEMAKTSSGQRYFLNHITQTTTWQDPR,1,0.0910800453881021,0.766927695107784
S15N,1.090485719,DVPLPAGWEMAKTNSGQRYFLNHIDQTTTWQDPR,1,0.0866232107461935,0.766025048122701
D2C,1.08657274,CVPLPAGWEMAKTSSGQRYFLNHIDQTTTWQDPR,1,0.0830284673919142,0.765297001311098
L5M,1.08444462,DVPMPAGWEMAKTSSGQRYFLNHIDQTTTWQDPR,1,0.0810679849740145,0.764899942930878
S16W,1.083782072,DVPLPAGWEMAKTSWGQRYFLNHIDQTTTWQDPR,1,0.0804568422156801,0.764776167603187
D2H,1.082612035,HVPLPAGWEMAKTSSGQRYFLNHIDQTTTWQDPR,1,0.0793766720749076,0.764557399710886
P4I,1.081574506,DVILPAGWEMAKTSSGQRYFLNHIDQTTTWQDPR,1,0.078417855392676,0.764363209650675
I25H,1.079320109,DVPLPAGWEMAKTSSGQRYFLNHHDQTTTWQDPR,1,0.0763313141960288,0.763940620465361
S16A,1.077888723,DVPLPAGWEMAKTSAGQRYFLNHIDQTTTWQDPR,1,0.0750042417412556,0.763671847211127
E10S,1.063714333,DVPLPAGWSMAKTSSGQRYFLNHIDQTTTWQDPR,1,0.0617668708486087,0.760990869816474
A7R,1.061490662,DVPLPRGWEMAKTSSGQRYFLNHIDQTTTWQDPR,1,0.0596742051370819,0.7605670402273
E10Q,1.052193487,DVPLPAGWQMAKTSSGQRYFLNHIDQTTTWQDPR,1,0.0508770204075583,0.758785337985388
A7P,1.044997548,DVPLPPGWEMAKTSSGQRYFLNHIDQTTTWQDPR,1,0.0440145390025382,0.757395473059241
A7Y,1.042880663,DVPLPYGWEMAKTSSGQRYFLNHIDQTTTWQDPR,1,0.0419867524063482,0.756984783499384
D26Y,1.042075197,DVPLPAGWEMAKTSSGQRYFLNHIYQTTTWQDPR,1,0.041214106754204,0.756828298836056
D26V,1.031891983,DVPLPAGWEMAKTSSGQRYFLNHIVQTTTWQDPR,1,0.0313939939456728,0.754839421991392
I25Y,1.029292251,DVPLPAGWEMAKTSSGQRYFLNHYDQTTTWQDPR,1,0.0288714311046669,0.754328524925186
T28F,1.024077297,DVPLPAGWEMAKTSSGQRYFLNHIDQFTTWQDPR,1,0.0237920091200028,0.753299784729778
R19L,1.020529566,DVPLPAGWEMAKTSSGQLYFLNHIDQTTTWQDPR,1,0.0203216749205935,0.752596934623366
S15V,1.010614488,DVPLPAGWEMAKTVSGQRYFLNHIDQTTTWQDPR,1,0.0105585498109084,0.750619599551884
I25R,0.99769525,DVPLPAGWEMAKTSSGQRYFLNHRDQTTTWQDPR,0,-0.0023074100241943,0.748013844394144
R19V,0.992885271,DVPLPAGWEMAKTSSGQVYFLNHIDQTTTWQDPR,0,-0.0071401593763165,0.747035063043063
A7S,0.989783576,DVPLPSGWEMAKTSSGQRYFLNHIDQTTTWQDPR,0,-0.0102689698531827,0.746401382063006
A7Q,0.988666084,DVPLPQGWEMAKTSSGQRYFLNHIDQTTTWQDPR,0,-0.0113986342984634,0.746172590041848
R19H,0.986778535,DVPLPAGWEMAKTSSGQHYFLNHIDQTTTWQDPR,0,-0.0133096466916071,0.745785550873083
I25T,0.983589148,DVPLPAGWEMAKTSSGQRYFLNHTDQTTTWQDPR,0,-0.0165470016411825,0.745129886277094
M11G,0.981945121,DVPLPAGWEGAKTSSGQRYFLNHIDQTTTWQDPR,0,-0.0182198571180089,0.7447910812565
P4H,0.981326217,DVHLPAGWEMAKTSSGQRYFLNHIDQTTTWQDPR,0,-0.0188503395261431,0.744663389051028
P4Q,0.97954644,DVQLPAGWEMAKTSSGQRYFLNHIDQTTTWQDPR,0,-0.0206656307765824,0.744295736376897
I25M,0.975948534,DVPLPAGWEMAKTSSGQRYFLNHMDQTTTWQDPR,0,-0.024345425516779,0.743550464026712
Q18H,0.970355774,DVPLPAGWEMAKTSSGHRYFLNHIDQTTTWQDPR,0,-0.0300924974114795,0.742386504056104
K13H,0.970298873,DVPLPAGWEMAHTSSGQRYFLNHIDQTTTWQDPR,0,-0.0301511384480022,0.742374627430859
A7V,0.965049014,DVPLPVGWEMAKTSSGQRYFLNHIDQTTTWQDPR,0,-0.0355763872231618,0.741275846604626
S16T,0.964898963,DVPLPAGWEMAKTSTGQRYFLNHIDQTTTWQDPR,0,-0.0357318846791456,0.741244353556059
A7F,0.964681089,DVPLPFGWEMAKTSSGQRYFLNHIDQTTTWQDPR,0,-0.0359577099831541,0.74119861694113
V3T,0.963624688,DTPLPAGWEMAKTSSGQRYFLNHIDQTTTWQDPR,0,-0.0370533879801662,0.740976708227865
I25L,0.96137972,DVPLPAGWEMAKTSSGQRYFLNHLDQTTTWQDPR,0,-0.0393858179823334,0.74050431894746
Q32A,0.947362798,DVPLPAGWEMAKTSSGQRYFLNHIDQTTTWADPR,0,-0.054073156732335,0.737529678175081
S16V,0.941664387,DVPLPAGWEMAKTSVGQRYFLNHIDQTTTWQDPR,0,-0.0601063449575915,0.73630777079024
R19A,0.935915056,DVPLPAGWEMAKTSSGQAYFLNHIDQTTTWQDPR,0,-0.0662305587595214,0.735067427908246
Q32W,0.924825944,DVPLPAGWEMAKTSSGQRYFLNHIDQTTTWWDPR,0,-0.0781497278243018,0.73265342719127
S16D,0.92077903,DVPLPAGWEMAKTSDGQRYFLNHIDQTTTWQDPR,0,-0.0825351955088533,0.731765234224357
P4L,0.917905338,DVLLPAGWEMAKTSSGQRYFLNHIDQTTTWQDPR,0,-0.0856610113256955,0.73113215975566
S15Y,0.917574196,DVPLPAGWEMAKTYSGQRYFLNHIDQTTTWQDPR,0,-0.0860218347480858,0.731059081842626
K13S,0.917196172,DVPLPAGWEMASTSSGQRYFLNHIDQTTTWQDPR,0,-0.0864339015788371,0.730975625553058
R19F,0.91571772,DVPLPAGWEMAKTSSGQFYFLNHIDQTTTWQDPR,0,-0.0880471277397517,0.730648897314879
K13L,0.911169915,DVPLPAGWEMALTSSGQRYFLNHIDQTTTWQDPR,0,-0.0930258842950247,0.72964054498522
A7I,0.910499307,DVPLPIGWEMAKTSSGQRYFLNHIDQTTTWQDPR,0,-0.0937621409350276,0.729491430223344
M11A,0.904025472,DVPLPAGWEAAKTSSGQRYFLNHIDQTTTWQDPR,0,-0.100897741995774,0.728046250111956
T28L,0.899827584,DVPLPAGWEMAKTSSGQRYFLNHIDQLTTWQDPR,0,-0.105552107343675,0.727103597043958
K13R,0.89982034,DVPLPAGWEMARTSSGQRYFLNHIDQTTTWQDPR,0,-0.105560157807216,0.727101966575873
E10T,0.899467911,DVPLPAGWTMAKTSSGQRYFLNHIDQTTTWQDPR,0,-0.105951900491371,0.727022626555165
I25G,0.89901251,DVPLPAGWEMAKTSSGQRYFLNHGDQTTTWQDPR,0,-0.106458329145712,0.726920059075164
Q32Y,0.896513949,DVPLPAGWEMAKTSSGQRYFLNHIDQTTTWYDPR,0,-0.109241426660338,0.726356395672186
Q32G,0.896375772,DVPLPAGWEMAKTSSGQRYFLNHIDQTTTWGDPR,0,-0.109395565533081,0.726325177778783
A7N,0.894393811,DVPLPNGWEMAKTSSGQRYFLNHIDQTTTWQDPR,0,-0.111609096327963,0.725876869268613
M11V,0.891775799,DVPLPAGWEVAKTSSGQRYFLNHIDQTTTWQDPR,0,-0.114540524407487,0.725283164334379
R19S,0.890886649,DVPLPAGWEMAKTSSGQSYFLNHIDQTTTWQDPR,0,-0.115538077337074,0.725081128984921
T14Y,0.867289276,DVPLPAGWEMAKYSSGQRYFLNHIDQTTTWQDPR,0,-0.142382706178503,0.719644260616164
R19Y,0.867007092,DVPLPAGWEMAKTSSGQYYFLNHIDQTTTWQDPR,0,-0.142708122304255,0.719578353776802
M11T,0.851173584,DVPLPAGWETAKTSSGQRYFLNHIDQTTTWQDPR,0,-0.161139194710903,0.715845491044301
S16I,0.841734939,DVPLPAGWEMAKTSIGQRYFLNHIDQTTTWQDPR,0,-0.172290113586918,0.713587084773248
I25C,0.841481037,DVPLPAGWEMAKTSSGQRYFLNHCDQTTTWQDPR,0,-0.172591800364546,0.713525983861469
M11R,0.838388039,DVPLPAGWERAKTSSGQRYFLNHIDQTTTWQDPR,0,-0.17627423197705,0.712780177463013
A12S,0.833029462,DVPLPAGWEMSKTSSGQRYFLNHIDQTTTWQDPR,0,-0.182686268893328,0.711481541490232
P6G,0.827341338,DVPLGAGWEMAKTSSGQRYFLNHIDQTTTWQDPR,0,-0.189537926670614,0.710093868683768
A7H,0.827176602,DVPLPHGWEMAKTSSGQRYFLNHIDQTTTWQDPR,0,-0.189737061411388,0.710053537734153
R19W,0.824844876,DVPLPAGWEMAKTSSGQWYFLNHIDQTTTWQDPR,0,-0.192559939418051,0.709481817550054
K13Q,0.823065802,DVPLPAGWEMAQTSSGQRYFLNHIDQTTTWQDPR,0,-0.194719127673744,0.709044515086351
K13E,0.821717574,DVPLPAGWEMAETSSGQRYFLNHIDQTTTWQDPR,0,-0.196358526906049,0.708712485990976
S15F,0.814794351,DVPLPAGWEMAKTFSGQRYFLNHIDQTTTWQDPR,0,-0.20481952764321,0.706998871414755
A7G,0.8145548,DVPLPGGWEMAKTSSGQRYFLNHIDQTTTWQDPR,0,-0.205113572663062,0.706939318195493
P4E,0.808047348,DVELPAGWEMAKTSSGQRYFLNHIDQTTTWQDPR,0,-0.213134623167995,0.705314807160824
S16L,0.802335538,DVPLPAGWEMAKTSLGQRYFLNHIDQTTTWQDPR,0,-0.220228382052088,0.703878101385515
Q18S,0.798911714,DVPLPAGWEMAKTSSGSRYFLNHIDQTTTWQDPR,0,-0.224504834940477,0.703011987289593
Q32S,0.795291869,DVPLPAGWEMAKTSSGQRYFLNHIDQTTTWSDPR,0,-0.229046100886224,0.702092240351745
K13T,0.7907033,DVPLPAGWEMATTSSGQRYFLNHIDQTTTWQDPR,0,-0.234832476396828,0.700920320182195
T28C,0.777117387,DVPLPAGWEMAKTSSGQRYFLNHIDQCTTWQDPR,0,-0.252163862805426,0.697410177907246
T28M,0.767985557,DVPLPAGWEMAKTSSGQRYFLNHIDQMTTWQDPR,0,-0.263984352000883,0.695016162918637
I25S,0.76141968,DVPLPAGWEMAKTSSGQRYFLNHSDQTTTWQDPR,0,-0.272570588244052,0.693277184275538
D33K,0.760826085,DVPLPAGWEMAKTSSGQRYFLNHIDQTTTWQKPR,0,-0.273350482061115,0.693119231634434
A7D,0.760414326,DVPLPDGWEMAKTSSGQRYFLNHIDQTTTWQDPR,0,-0.273891828461169,0.693009592229978
T28S,0.760399357,DVPLPAGWEMAKTSSGQRYFLNHIDQSTTWQDPR,0,-0.273911513975795,0.693005605303863
G8F,0.752134089,DVPLPAFWEMAKTSSGQRYFLNHIDQTTTWQDPR,0,-0.284840661087182,0.690792114680528
Q18D,0.749241883,DVPLPAGWEMAKTSSGDRYFLNHIDQTTTWQDPR,0,-0.288693406344214,0.69001181449666
L22M,0.740773308,DVPLPAGWEMAKTSSGQRYFMNHIDQTTTWQDPR,0,-0.300060627616806,0.687709600294233
I25V,0.735393738,DVPLPAGWEMAKTSSGQRYFLNHVDQTTTWQDPR,0,-0.307349225245046,0.686233433641617
Q32M,0.732776084,DVPLPAGWEMAKTSSGQRYFLNHIDQTTTWMDPR,0,-0.31091510261768,0.6855112330849
K13M,0.732561297,DVPLPAGWEMAMTSSGQRYFLNHIDQTTTWQDPR,0,-0.311208259680788,0.685451859704366
S15P,0.727134572,DVPLPAGWEMAKTPSGQRYFLNHIDQTTTWQDPR,0,-0.318643712663886,0.683945950296194
S15E,0.725349624,DVPLPAGWEMAKTESGQRYFLNHIDQTTTWQDPR,0,-0.321101500367802,0.683448172200491
L22V,0.723199214,DVPLPAGWEMAKTSSGQRYFVNHIDQTTTWQDPR,0,-0.324070556741044,0.682846846371921
M11L,0.722382863,DVPLPAGWELAKTSSGQRYFLNHIDQTTTWQDPR,0,-0.325199999475247,0.68261809925412
S15M,0.716990981,DVPLPAGWEMAKTMSGQRYFLNHIDQTTTWQDPR,0,-0.332692017262188,0.681100733722095
T14M,0.705413423,DVPLPAGWEMAKMSSGQRYFLNHIDQTTTWQDPR,0,-0.348971232441471,0.677803688693115
D33A,0.704252764,DVPLPAGWEMAKTSSGQRYFLNHIDQTTTWQAPR,0,-0.350617947490723,0.677470177918333
D33H,0.698396188,DVPLPAGWEMAKTSSGQRYFLNHIDQTTTWQHPR,0,-0.358968732661789,0.675778885406187
Q32T,0.693832541,DVPLPAGWEMAKTSSGQRYFLNHIDQTTTWTDPR,0,-0.365524642980798,0.674451110615469
I25F,0.693820276,DVPLPAGWEMAKTSSGQRYFLNHFDQTTTWQDPR,0,-0.365542320313125,0.674447530408436
I25A,0.692881705,DVPLPAGWEMAKTSSGQRYFLNHADQTTTWQDPR,0,-0.366895994218812,0.674173369536892
T28K,0.692250843,DVPLPAGWEMAKTSSGQRYFLNHIDQKTTWQDPR,0,-0.36780689916366,0.673988883086703
S15L,0.692028368,DVPLPAGWEMAKTLSGQRYFLNHIDQTTTWQDPR,0,-0.368128329985054,0.673923783394847
T30S,0.688913348,DVPLPAGWEMAKTSSGQRYFLNHIDQTTSWQDPR,0,-0.372639780754176,0.673010074953254
K13N,0.688156381,DVPLPAGWEMANTSSGQRYFLNHIDQTTTWQDPR,0,-0.373739168911946,0.672787414817579
K13A,0.680225047,DVPLPAGWEMAATSSGQRYFLNHIDQTTTWQDPR,0,-0.385331584093754,0.670439591877215
T28I,0.676608257,DVPLPAGWEMAKTSSGQRYFLNHIDQITTWQDPR,0,-0.390662819044607,0.669359851760787
Q18E,0.673642948,DVPLPAGWEMAKTSSGERYFLNHIDQTTTWQDPR,0,-0.395055059179169,0.668470287163092
Q18G,0.672532943,DVPLPAGWEMAKTSSGGRYFLNHIDQTTTWQDPR,0,-0.396704182832306,0.668136288571461
R19D,0.668930367,DVPLPAGWEMAKTSSGQDYFLNHIDQTTTWQDPR,0,-0.402075309472943,0.667048469152925
M11I,0.664678427,DVPLPAGWEIAKTSSGQRYFLNHIDQTTTWQDPR,0,-0.40845192370425,0.665757007370431
T28N,0.662036963,DVPLPAGWEMAKTSSGQRYFLNHIDQNTTWQDPR,0,-0.412433889256432,0.664950536076526
T14A,0.658983784,DVPLPAGWEMAKASSGQRYFLNHIDQTTTWQDPR,0,-0.41705635176266,0.664014344321582
Q32D,0.655563639,DVPLPAGWEMAKTSSGQRYFLNHIDQTTTWDDPR,0,-0.422259895822602,0.662960465563487
L22R,0.640307928,DVPLPAGWEMAKTSSGQRYFRNHIDQTTTWQDPR,0,-0.445806080837953,0.658191634179336
D33V,0.63881394,DVPLPAGWEMAKTSSGQRYFLNHIDQTTTWQVPR,0,-0.448142040712817,0.657718529990437
K13I,0.63669881,DVPLPAGWEMAITSSGQRYFLNHIDQTTTWQDPR,0,-0.451458560972998,0.657046831968332
R19Q,0.633304313,DVPLPAGWEMAKTSSGQQYFLNHIDQTTTWQDPR,0,-0.456804225124503,0.655964169492088
D33Y,0.617182283,DVPLPAGWEMAKTSSGQRYFLNHIDQTTTWQYPR,0,-0.482590864349081,0.650741576772896
E10N,0.615290013,DVPLPAGWNMAKTSSGQRYFLNHIDQTTTWQDPR,0,-0.485661556474196,0.650119666558236
L5F,0.581268889,DVPFPAGWEMAKTSSGQRYFLNHIDQTTTWQDPR,0,-0.542541825404293,0.638599651259116
Q27H,0.574979613,DVPLPAGWEMAKTSSGQRYFLNHIDHTTTWQDPR,0,-0.553420694465527,0.636396343497393
M11W,0.568995407,DVPLPAGWEWAKTSSGQRYFLNHIDQTTTWQDPR,0,-0.563882916944624,0.634277419566669
A7C,0.567995705,DVPLPCGWEMAKTSSGQRYFLNHIDQTTTWQDPR,0,-0.565641421909293,0.633921267873338
L5V,0.567276852,DVPVPAGWEMAKTSSGQRYFLNHIDQTTTWQDPR,0,-0.566907819289623,0.633664783199996
N23S,0.566387259,DVPLPAGWEMAKTSSGQRYFLSHIDQTTTWQDPR,0,-0.568477231559027,0.633346928631193
Q32K,0.563799529,DVPLPAGWEMAKTSSGQRYFLNHIDQTTTWKDPR,0,-0.573056535705099,0.632419477780233
T28A,0.557788591,DVPLPAGWEMAKTSSGQRYFLNHIDQATTWQDPR,0,-0.583775257565512,0.630248604784349
G8R,0.556189368,DVPLPARWEMAKTSSGQRYFLNHIDQTTTWQDPR,0,-0.58664645279108,0.629667098867667
R19C,0.552779669,DVPLPAGWEMAKTSSGQCYFLNHIDQTTTWQDPR,0,-0.592795785424983,0.628421668644596
K13Y,0.551845251,DVPLPAGWEMAYTSSGQRYFLNHIDQTTTWQDPR,0,-0.59448761439962,0.628079020903333
Q32L,0.540865251,DVPLPAGWEMAKTSSGQRYFLNHIDQTTTWLDPR,0,-0.614585105096874,0.624008656879724
Q18L,0.538741653,DVPLPAGWEMAKTSSGLRYFLNHIDQTTTWQDPR,0,-0.618519130955663,0.623211894857799
D33N,0.538291852,DVPLPAGWEMAKTSSGQRYFLNHIDQTTTWQNPR,0,-0.619354390070746,0.623042729029904
D33S,0.534497322,DVPLPAGWEMAKTSSGQRYFLNHIDQTTTWQSPR,0,-0.626428558819579,0.621609990863435
T30W,0.53335865,DVPLPAGWEMAKTSSGQRYFLNHIDQTTWWQDPR,0,-0.62856119179898,0.621178066665252
K13D,0.529622291,DVPLPAGWEMADTSSGQRYFLNHIDQTTTWQDPR,0,-0.635591184988311,0.619754275417124
T14V,0.528226935,DVPLPAGWEMAKVSSGQRYFLNHIDQTTTWQDPR,0,-0.638229286477563,0.619219978197922
G8H,0.527199829,DVPLPAHWEMAKTSSGQRYFLNHIDQTTTWQDPR,0,-0.640175620148976,0.618825785376868
P4F,0.526422028,DVFLPAGWEMAKTSSGQRYFLNHIDQTTTWQDPR,0,-0.641652053342011,0.618526761949381
A7E,0.515129895,DVPLPEGWEMAKTSSGQRYFLNHIDQTTTWQDPR,0,-0.663336186820379,0.614135053644943
G17N,0.513955424,DVPLPAGWEMAKTSSNQRYFLNHIDQTTTWQDPR,0,-0.665618741023101,0.61367276575793
Q18M,0.512580759,DVPLPAGWEMAKTSSGMRYFLNHIDQTTTWQDPR,0,-0.668297001847182,0.613130335030214
D33P,0.499124674,DVPLPAGWEMAKTSSGQRYFLNHIDQTTTWQPPR,0,-0.694899366741965,0.60774253261041
W9Y,0.4956754,DVPLPAGYEMAKTSSGQRYFLNHIDQTTTWQDPR,0,-0.701834001977456,0.606338054299928
T14S,0.492115261,DVPLPAGWEMAKSSSGQRYFLNHIDQTTTWQDPR,0,-0.709042319601633,0.60487814683336
W9F,0.487386029,DVPLPAGFEMAKTSSGQRYFLNHIDQTTTWQDPR,0,-0.718698802543265,0.602922410102228
G8C,0.486401264,DVPLPACWEMAKTSSGQRYFLNHIDQTTTWQDPR,0,-0.720721349649346,0.602512781701316
T29S,0.481269323,DVPLPAGWEMAKTSSGQRYFLNHIDQTSTWQDPR,0,-0.731328242497889,0.600364557542223
A12G,0.475167642,DVPLPAGWEMGKTSSGQRYFLNHIDQTTTWQDPR,0,-0.744087606686508,0.597780391302774
G17R,0.473883115,DVPLPAGWEMAKTSSRQRYFLNHIDQTTTWQDPR,0,-0.746794580523075,0.597232145301162
T14L,0.470943215,DVPLPAGWEMAKLSSGQRYFLNHIDQTTTWQDPR,0,-0.753017754866674,0.595971759845962
S16C,0.468705008,DVPLPAGWEMAKTSCGQRYFLNHIDQTTTWQDPR,0,-0.757781689237506,0.595006915658895
S16H,0.462754975,DVPLPAGWEMAKTSHGQRYFLNHIDQTTTWQDPR,0,-0.770557576640886,0.592419402956948
T30A,0.457146955,DVPLPAGWEMAKTSSGQRYFLNHIDQTTAWQDPR,0,-0.782750375227309,0.589949983791098
Q32E,0.454173482,DVPLPAGWEMAKTSSGQRYFLNHIDQTTTWEDPR,0,-0.789276034986908,0.588628335675127
S15D,0.454053546,DVPLPAGWEMAKTDSGQRYFLNHIDQTTTWQDPR,0,-0.789540145164209,0.588574845188172
G17M,0.450016242,DVPLPAGWEMAKTSSMQRYFLNHIDQTTTWQDPR,0,-0.798471603535787,0.586765948377039
A12T,0.449490742,DVPLPAGWEMTKTSSGQRYFLNHIDQTTTWQDPR,0,-0.799640021500587,0.586529307568488
G8N,0.448460273,DVPLPANWEMAKTSSGQRYFLNHIDQTTTWQDPR,0,-0.801935178886993,0.586064467146622
T30R,0.439849736,DVPLPAGWEMAKTSSGQRYFLNHIDQTTRWQDPR,0,-0.821322119488249,0.58213801151393
T14I,0.428832973,DVPLPAGWEMAKISSGQRYFLNHIDQTTTWQDPR,0,-0.846687776193084,0.577000680787329
P6Q,0.422146169,DVPLQAGWEMAKTSSGQRYFLNHIDQTTTWQDPR,0,-0.862403652881157,0.573817729242072
G17D,0.42102237,DVPLPAGWEMAKTSSDQRYFLNHIDQTTTWQDPR,0,-0.865069311319467,0.573277850887606
P6A,0.398852739,DVPLAAGWEMAKTSSGQRYFLNHIDQTTTWQDPR,0,-0.919163005405253,0.562322203258373
Q27M,0.393983323,DVPLPAGWEMAKTSSGQRYFLNHIDMTTTWQDPR,0,-0.931446697991201,0.559834375243816
T14N,0.388788006,DVPLPAGWEMAKNSSGQRYFLNHIDQTTTWQDPR,0,-0.944721055637118,0.557145906886627
D33T,0.386769319,DVPLPAGWEMAKTSSGQRYFLNHIDQTTTWQTPR,0,-0.949926838611048,0.556091574679139
D33Q,0.385890772,DVPLPAGWEMAKTSSGQRYFLNHIDQTTTWQQPR,0,-0.952200923655294,0.555631002058897
T30G,0.383447447,DVPLPAGWEMAKTSSGQRYFLNHIDQTTGWQDPR,0,-0.958552702767093,0.554344570156923
T30N,0.380181572,DVPLPAGWEMAKTSSGQRYFLNHIDQTTNWQDPR,0,-0.967106319329202,0.552612198009045
G17C,0.378104551,DVPLPAGWEMAKTSSCQRYFLNHIDQTTTWQDPR,0,-0.972584531659407,0.551502690423324
E10K,0.371603412,DVPLPAGWKMAKTSSGQRYFLNHIDQTTTWQDPR,0,-0.989928090168568,0.547990082921199
P6T,0.366025411,DVPLTAGWEMAKTSSGQRYFLNHIDQTTTWQDPR,0,-1.0050525190291,0.544926917870452
M11F,0.358852909,DVPLPAGWEFAKTSSGQRYFLNHIDQTTTWQDPR,0,-1.02484269868775,0.540918793845579
G17S,0.355720578,DVPLPAGWEMAKTSSSQRYFLNHIDQTTTWQDPR,0,-1.03360974957852,0.539143194638867
N23D,0.354226797,DVPLPAGWEMAKTSSGQRYFLDHIDQTTTWQDPR,0,-1.03781790149792,0.538290913603556
D33G,0.35020723,DVPLPAGWEMAKTSSGQRYFLNHIDQTTTWQGPR,0,-1.04923021399798,0.535979567031679
G8S,0.348624146,DVPLPASWEMAKTSSGQRYFLNHIDQTTTWQDPR,0,-1.05376088266101,0.535061966371641
T28H,0.340780686,DVPLPAGWEMAKTSSGQRYFLNHIDQHTTWQDPR,0,-1.07651615816814,0.530453318647068
D33I,0.337056451,DVPLPAGWEMAKTSSGQRYFLNHIDQTTTWQIPR,0,-1.08750485227232,0.528227767914298
R19G,0.332460056,DVPLPAGWEMAKTSSGQGYFLNHIDQTTTWQDPR,0,-1.10123555843352,0.525446874855597
A12D,0.331963069,DVPLPAGWEMDKTSSGQRYFLNHIDQTTTWQDPR,0,-1.10273155420486,0.525143889400405
K13V,0.331431807,DVPLPAGWEMAVTSSGQRYFLNHIDQTTTWQDPR,0,-1.10433320092475,0.524819506357498
L22Q,0.330103331,DVPLPAGWEMAKTSSGQRYFQNHIDQTTTWQDPR,0,-1.10834954929235,0.524006071479083
T30E,0.327952431,DVPLPAGWEMAKTSSGQRYFLNHIDQTTEWQDPR,0,-1.11488670855451,0.522682094357853
P6L,0.327942052,DVPLLAGWEMAKTSSGQRYFLNHIDQTTTWQDPR,0,-1.11491835693781,0.522675684580497
P6S,0.323615345,DVPLSAGWEMAKTSSGQRYFLNHIDQTTTWQDPR,0,-1.12819967526818,0.519985806469224
G8P,0.309664437,DVPLPAPWEMAKTSSGQRYFLNHIDQTTTWQDPR,0,-1.17226602907762,0.511061005662022
G8A,0.305118117,DVPLPAAWEMAKTSSGQRYFLNHIDQTTTWQDPR,0,-1.18705630849149,0.508065516218479
G17L,0.300054363,DVPLPAGWEMAKTSSLQRYFLNHIDQTTTWQDPR,0,-1.20379161074248,0.504676099438404
Q18N,0.2984452,DVPLPAGWEMAKTSSGNRYFLNHIDQTTTWQDPR,0,-1.20916894759281,0.503587022260157
G17A,0.295663185,DVPLPAGWEMAKTSSAQRYFLNHIDQTTTWQDPR,0,-1.21853436105825,0.501690236108583
Q18V,0.285005894,DVPLPAGWEMAKTSSGVRYFLNHIDQTTTWQDPR,0,-1.25524541822558,0.494255110569105
I25P,0.28288424,DVPLPAGWEMAKTSSGQRYFLNHPDQTTTWQDPR,0,-1.26271751095741,0.492741780477559
S15C,0.27890144,DVPLPAGWEMAKTCSGQRYFLNHIDQTTTWQDPR,0,-1.27689682122111,0.489870031200678
Q27Y,0.275175639,DVPLPAGWEMAKTSSGQRYFLNHIDYTTTWQDPR,0,-1.29034569791675,0.48714621733334
L5P,0.271741785,DVPPPAGWEMAKTSSGQRYFLNHIDQTTTWQDPR,0,-1.30290298342855,0.48460297828169
L5H,0.268812135,DVPHPAGWEMAKTSSGQRYFLNHIDQTTTWQDPR,0,-1.31374252626287,0.482407635298338
D33E,0.254635298,DVPLPAGWEMAKTSSGQRYFLNHIDQTTTWQEPR,0,-1.36792296146311,0.471434419908186
E10H,0.254198134,DVPLPAGWHMAKTSSGQRYFLNHIDQTTTWQDPR,0,-1.36964126093036,0.471086411072723
G8D,0.251223,DVPLPADWEMAKTSSGQRYFLNHIDQTTTWQDPR,0,-1.38141428806995,0.468702008619709
L22T,0.244875204,DVPLPAGWEMAKTSSGQRYFTNHIDQTTTWQDPR,0,-1.40700656963968,0.463518779342347
L5W,0.242428955,DVPWPAGWEMAKTSSGQRYFLNHIDQTTTWQDPR,0,-1.41704658060059,0.461485366314445
P6R,0.241634365,DVPLRAGWEMAKTSSGQRYFLNHIDQTTTWQDPR,0,-1.42032958379811,0.460820456535116
P34R,0.240944946,DVPLPAGWEMAKTSSGQRYFLNHIDQTTTWQDRR,0,-1.42318681142186,0.460241779490197
Q18T,0.234903552,DVPLPAGWEMAKTSSGTRYFLNHIDQTTTWQDPR,0,-1.44858026610337,0.455098818812778
L5Q,0.227748626,DVPQPAGWEMAKTSSGQRYFLNHIDQTTTWQDPR,0,-1.47951277579111,0.448834028024238
F21A,0.227098952,DVPLPAGWEMAKTSSGQRYALNHIDQTTTWQDPR,0,-1.48236944458845,0.448255464158967
N23C,0.218036908,DVPLPAGWEMAKTSSGQRYFLCHIDQTTTWQDPR,0,-1.52309092777085,0.4400081032008
Q27E,0.210800198,DVPLPAGWEMAKTSSGQRYFLNHIDETTTWQDPR,0,-1.55684452303643,0.433171955250486
P6V,0.210093649,DVPLVAGWEMAKTSSGQRYFLNHIDQTTTWQDPR,0,-1.56020190005071,0.432491982470875
L5T,0.207538415,DVPTPAGWEMAKTSSGQRYFLNHIDQTTTWQDPR,0,-1.57243882391618,0.430013626570033
T30P,0.207137978,DVPLPAGWEMAKTSSGQRYFLNHIDQTTPWQDPR,0,-1.574370147383,0.429622473780079
T30M,0.203469551,DVPLPAGWEMAKTSSGQRYFLNHIDQTTMWQDPR,0,-1.59223891183028,0.426003495816701
S16P,0.194398279,DVPLPAGWEMAKTSPGQRYFLNHIDQTTTWQDPR,0,-1.63784623987564,0.416766600022832
H24I,0.192325331,DVPLPAGWEMAKTSSGQRYFLNIIDQTTTWQDPR,0,-1.64856690859351,0.414595332728045
W9R,0.192193379,DVPLPAGREMAKTSSGQRYFLNHIDQTTTWQDPR,0,-1.64925323153046,0.414456331086834
N23H,0.191104856,DVPLPAGWEMAKTSSGQRYFLHHIDQTTTWQDPR,0,-1.65493301727906,0.413305998643785
T28P,0.188857146,DVPLPAGWEMAKTSSGQRYFLNHIDQPTTWQDPR,0,-1.66676439098437,0.41090977920498
E10V,0.187600785,DVPLPAGWVMAKTSSGQRYFLNHIDQTTTWQDPR,0,-1.6734390579838,0.40955795251013
F21H,0.180127498,DVPLPAGWEMAKTSSGQRYHLNHIDQTTTWQDPR,0,-1.71409035661149,0.401324806096993
G17W,0.17919543,DVPLPAGWEMAKTSSWQRYFLNHIDQTTTWQDPR,0,-1.71927828099864,0.400274090806176
N23K,0.176948308,DVPLPAGWEMAKTSSGQRYFLKHIDQTTTWQDPR,0,-1.73189763425955,0.397718281113902
Q27L,0.173372414,DVPLPAGWEMAKTSSGQRYFLNHIDLTTTWQDPR,0,-1.75231331610366,0.39358347353282
H24C,0.172244151,DVPLPAGWEMAKTSSGQRYFLNCIDQTTTWQDPR,0,-1.75884232612354,0.392261146885428
R35S,0.167860387,DVPLPAGWEMAKTSSGQRYFLNHIDQTTTWQDPS,0,-1.78462267483744,0.387039828189383
D26P,0.16607765,DVPLPAGWEMAKTSSGQRYFLNHIPQTTTWQDPR,0,-1.79529982891204,0.384877373956938
L5R,0.165804027,DVPRPAGWEMAKTSSGQRYFLNHIDQTTTWQDPR,0,-1.79694874827674,0.384543416740039
T30K,0.165330598,DVPLPAGWEMAKTSSGQRYFLNHIDQTTKWQDPR,0,-1.79980818541702,0.383964292199623
Q27G,0.162256176,DVPLPAGWEMAKTSSGQRYFLNHIDGTTTWQDPR,0,-1.81857885940743,0.380162649633375
R35C,0.157368182,DVPLPAGWEMAKTSSGQRYFLNHIDQTTTWQDPC,0,-1.84916711082854,0.37396758180102
Y20F,0.153582607,DVPLPAGWEMAKTSSGQRFFLNHIDQTTTWQDPR,0,-1.87351670035729,0.369036036131937
R35G,0.150522964,DVPLPAGWEMAKTSSGQRYFLNHIDQTTTWQDPG,0,-1.89363962171546,0.364960521612236
R35D,0.138660892,DVPLPAGWEMAKTSSGQRYFLNHIDQTTTWQDPD,0,-1.9757239524869,0.348335903548859
R35H,0.124026967,DVPLPAGWEMAKTSSGQRYFLNHIDQTTTWQDPH,0,-2.08725626121508,0.325747158329074
Q18P,0.12287693,DVPLPAGWEMAKTSSGPRYFLNHIDQTTTWQDPR,0,-2.09657199361883,0.323860434130466
N23Y,0.118332683,DVPLPAGWEMAKTSSGQRYFLYHIDQTTTWQDPR,0,-2.13425527396458,0.316228403300275
T28D,0.117797109,DVPLPAGWEMAKTSSGQRYFLNHIDQDTTWQDPR,0,-2.13879154966173,0.315309667042252
A12I,0.113718614,DVPLPAGWEMIKTSSGQRYFLNHIDQTTTWQDPR,0,-2.17402818010337,0.30817315855851
N23R,0.113358739,DVPLPAGWEMAKTSSGQRYFLRHIDQTTTWQDPR,0,-2.17719780751479,0.307531210885637
W9L,0.111221239,DVPLPAGLEMAKTSSGQRYFLNHIDQTTTWQDPR,0,-2.19623391720205,0.303675809373692
L22P,0.109454749,DVPLPAGWEMAKTSSGQRYFPNHIDQTTTWQDPR,0,-2.21224406627892,0.300433258559922
W9S,0.104129987,DVPLPAGSEMAKTSSGQRYFLNHIDQTTTWQDPR,0,-2.26211528528429,0.290332792849507
A12V,0.103345078,DVPLPAGWEMVKTSSGQRYFLNHIDQTTTWQDPR,0,-2.26968161856513,0.288800376129385
Q27P,0.093198532,DVPLPAGWEMAKTSSGQRYFLNHIDPTTTWQDPR,0,-2.3730233084876,0.267870484774496
W9G,0.092662767,DVPLPAGGEMAKTSSGQRYFLNHIDQTTTWQDPR,0,-2.37878853757893,0.266702847409478
T29R,0.092289806,DVPLPAGWEMAKTSSGQRYFLNHIDQTRTWQDPR,0,-2.38282158777642,0.265886029893472
Y20H,0.090963722,DVPLPAGWEMAKTSSGQRHFLNHIDQTTTWQDPR,0,-2.39729451129171,0.262954814843768
T14P,0.087387674,DVPLPAGWEMAKPSSGQRYFLNHIDQTTTWQDPR,0,-2.43740103601456,0.25483200201091
P34H,0.08686077,DVPLPAGWEMAKTSSGQRYFLNHIDQTTTWQDHR,0,-2.44344878707478,0.253607145201168
T14H,0.084955766,DVPLPAGWEMAKHSSGQRYFLNHIDQTTTWQDPR,0,-2.4656245579469,0.249115865104892
T29N,0.083720206,DVPLPAGWEMAKTSSGQRYFLNHIDQTNTWQDPR,0,-2.48027492082447,0.24614871309134
N23T,0.080871599,DVPLPAGWEMAKTSSGQRYFLTHIDQTTTWQDPR,0,-2.51489257959554,0.239137565532377
F21T,0.079562905,DVPLPAGWEMAKTSSGQRYTLNHIDQTTTWQDPR,0,-2.53120731233968,0.235833327096997
G8V,0.077724409,DVPLPAVWEMAKTSSGQRYFLNHIDQTTTWQDPR,0,-2.55458592679733,0.231098433938258
W9C,0.076296645,DVPLPAGCEMAKTSSGQRYFLNHIDQTTTWQDPR,0,-2.57312631282493,0.227343431813496
P34Q,0.069048133,DVPLPAGWEMAKTSSGQRYFLNHIDQTTTWQDQR,0,-2.67295143787037,0.207125753708399
P34W,0.067498151,DVPLPAGWEMAKTSSGQRYFLNHIDQTTTWQDWR,0,-2.69565507407143,0.202527564541901
F21V,0.06234471,DVPLPAGWEMAKTSSGQRYVLNHIDQTTTWQDPR,0,-2.77507645408021,0.186442276444849
R35P,0.061894785,DVPLPAGWEMAKTSSGQRYFLNHIDQTTTWQDPP,0,-2.78231935162908,0.184975365473042
K13P,0.061267341,DVPLPAGWEMAPTSSGQRYFLNHIDQTTTWQDPR,0,-2.7925083512604,0.182911777627144
H24R,0.060607017,DVPLPAGWEMAKTSSGQRYFLNRIDQTTTWQDPR,0,-2.80334460053105,0.180717101692394
F21I,0.058359537,DVPLPAGWEMAKTSSGQRYILNHIDQTTTWQDPR,0,-2.84113248887513,0.173063884504194
A12P,0.058152164,DVPLPAGWEMPKTSSGQRYFLNHIDQTTTWQDPR,0,-2.84469218660843,0.172342935515746
Y20D,0.057448538,DVPLPAGWEMAKTSSGQRDFLNHIDQTTTWQDPR,0,-2.85686572322702,0.169877417494674
P34A,0.055790381,DVPLPAGWEMAKTSSGQRYFLNHIDQTTTWQDAR,0,-2.88615380796716,0.163945673664437
Q32P,0.043327539,DVPLPAGWEMAKTSSGQRYFLNHIDQTTTWPDPR,0,-3.13896684151998,0.11274320804451
P34S,0.041908444,DVPLPAGWEMAKTSSGQRYFLNHIDQTTTWQDSR,0,-3.17226794491167,0.105998703706436
G17V,0.040970298,DVPLPAGWEMAKTSSVQRYFLNHIDQTTTWQDPR,0,-3.19490791383497,0.10141340913463
H24P,0.034190683,DVPLPAGWEMAKTSSGQRYFLNPIDQTTTWQDPR,0,-3.37580209892911,0.0647767367172165
G8T,0.024831598,DVPLPATWEMAKTSSGQRYFLNHIDQTTTWQDPR,0,-3.69563832390103,0.0
